gene	sample_1	sample_2	sample_3	sample_4	sample_5_decease	sample_6_decease	sample_7	sample_8	sample_9	sample_10	sample_11	sample_12_decease	sample_13	sample_14_decease	sample_15_decease	sample_16_decease	sample_17	sample_18_decease	sample_19	sample_20_decease	sample_21_decease	sample_22_decease	sample_23_decease	sample_24	sample_25	sample_26	sample_27	sample_28	sample_29_decease	sample_30	sample_31_decease	sample_32	sample_33_decease	sample_34_decease	sample_35_decease	sample_36	sample_37_decease	sample_38	sample_39_decease	sample_40_decease	sample_41	sample_42	sample_43	sample_44	sample_45_decease	sample_46_decease	sample_47_decease	sample_48_decease	sample_49_decease	sample_50_decease
gene_1_decease	104	101	93	99	117	131	113	124	115	99	109	111	98	116	128	122	100	135	93	117	114	124	129	120	109	96	95	114	121	94	103	111	124	104	103	103	120	111	115	104	102	96	107	114	124	109	111	142	123	110
gene_2	111	83	84	87	101	105	104	112	99	99	104	93	106	104	103	88	99	89	83	91	110	107	89	105	109	98	98	113	115	90	87	99	97	106	100	100	105	94	93	101	88	94	117	100	99	102	102	91	105	82
gene_3_decease	108	85	103	94	111	110	94	98	124	102	95	111	99	133	111	112	106	134	102	111	116	127	108	92	87	90	116	95	137	86	120	107	112	124	114	103	110	98	117	111	96	104	108	95	128	118	124	109	134	112
gene_4	93	99	110	114	113	97	97	111	109	87	112	121	86	100	115	108	92	103	103	104	84	110	112	109	105	119	104	85	94	98	117	113	94	105	104	99	98	84	120	106	102	95	109	116	92	100	88	124	97	104
gene_5	82	127	95	99	108	93	100	105	109	86	111	114	121	101	84	105	98	113	98	90	116	114	100	93	103	81	105	112	117	100	108	108	123	116	100	112	123	89	114	116	89	97	113	123	98	127	102	101	108	99
gene_6	103	104	99	111	83	90	106	110	107	108	104	127	99	114	98	103	111	109	86	115	106	100	93	94	117	99	92	110	95	92	114	121	115	109	102	108	101	116	111	128	104	109	93	92	97	90	105	138	112	110
gene_7	96	118	107	113	111	114	100	100	88	106	89	104	94	111	111	108	94	101	106	106	103	105	116	124	111	113	118	91	100	93	108	82	108	99	106	77	94	100	89	92	86	116	105	96	99	114	107	113	101	90
gene_8	108	108	106	120	119	97	108	101	100	93	106	89	107	123	103	106	93	119	102	90	103	103	101	98	101	104	98	106	94	104	84	93	103	98	88	104	109	99	108	101	112	94	109	109	97	110	98	100	91	96
gene_9	121	105	90	98	101	106	95	106	93	92	96	97	106	129	112	103	98	99	89	98	116	97	103	117	102	115	90	99	92	96	104	120	98	102	98	111	98	109	97	97	96	97	101	98	101	86	93	112	97	94
gene_10_decease	104	91	93	93	133	104	104	94	108	100	83	129	105	117	131	156	100	114	89	106	123	103	105	107	92	102	81	103	124	121	128	106	113	130	114	113	117	87	123	117	103	90	111	100	108	114	115	134	125	118
gene_11	93	88	97	102	102	95	116	84	109	104	92	87	83	95	95	96	127	91	89	94	89	97	99	89	82	85	110	95	102	91	106	127	136	111	114	109	92	72	115	88	102	112	89	98	98	126	114	102	122	95
gene_12_decease	105	95	100	78	119	110	108	113	103	84	97	115	118	114	110	120	104	128	113	136	122	106	110	90	93	103	95	121	108	106	108	96	118	116	136	101	105	106	123	110	84	92	111	102	113	133	119	118	105	113
gene_13	101	103	107	94	102	101	101	101	116	113	93	114	101	92	125	99	93	118	100	105	108	110	97	100	99	100	90	120	98	99	100	102	96	101	105	99	101	108	101	101	99	106	99	96	102	90	101	116	94	102
gene_14	97	100	100	99	107	107	109	109	112	101	115	115	110	107	96	87	123	83	129	103	111	113	113	98	96	84	95	94	89	94	95	98	84	100	95	110	106	101	114	101	93	117	106	100	97	91	101	92	98	96
gene_15	94	92	91	105	89	99	108	109	111	126	101	105	98	101	104	105	101	96	116	122	98	122	93	101	90	85	101	105	95	95	113	90	92	113	101	96	116	106	101	99	99	98	94	86	108	101	113	93	104	121
gene_16	100	116	111	96	111	95	104	87	97	99	109	96	90	108	100	109	130	110	97	107	115	94	109	112	95	92	97	96	102	105	106	120	107	96	95	110	113	106	89	102	108	96	104	102	110	104	113	99	94	96
gene_17	106	93	107	85	89	103	97	101	118	94	102	110	109	95	95	127	90	89	92	96	117	101	105	93	97	108	104	122	95	97	100	96	106	114	84	103	103	94	105	111	113	100	109	103	99	118	84	102	100	117
gene_18	87	92	91	102	106	102	113	105	86	108	102	106	94	108	94	108	104	112	91	105	108	104	96	103	104	94	96	102	111	94	118	117	112	121	100	88	95	85	104	111	108	104	112	110	101	133	91	105	94	91
gene_19_decease	79	112	97	93	104	118	123	111	123	103	112	117	102	122	126	108	111	119	105	110	111	127	124	95	104	107	88	117	107	95	111	93	112	117	137	89	149	102	113	100	92	94	128	95	112	120	109	118	116	123
gene_20_decease	113	86	110	109	122	115	110	108	115	118	117	122	94	122	130	114	94	106	102	102	127	141	100	98	100	101	89	88	123	96	120	88	105	114	104	103	131	91	119	112	98	96	104	118	113	108	110	117	119	119
gene_21	101	105	94	88	107	115	104	99	100	111	118	107	92	98	109	111	94	106	102	90	107	104	119	83	120	95	90	106	116	97	100	86	105	108	121	115	94	106	106	98	91	84	94	103	78	109	113	119	107	92
gene_22	101	116	104	112	89	116	100	107	109	83	112	87	118	97	115	80	99	90	115	100	106	121	97	108	92	100	103	101	103	104	105	97	103	133	117	94	113	112	108	100	110	91	94	111	97	113	120	106	104	110
gene_23	97	89	105	97	99	97	120	97	109	103	116	107	102	114	97	116	103	100	92	117	97	104	123	106	90	100	111	93	95	81	104	115	121	98	110	113	106	127	103	106	102	119	85	95	102	101	96	96	93	96
gene_24	96	90	111	102	112	105	116	120	112	99	109	105	115	102	103	112	89	111	111	106	116	124	123	102	98	83	111	92	100	116	93	131	100	115	82	109	100	95	117	81	112	99	107	105	99	90	88	114	105	117
gene_25	102	94	92	104	110	101	80	93	89	128	104	104	100	108	104	108	119	98	108	96	90	94	110	111	94	84	89	90	107	110	124	125	112	105	110	109	121	109	107	91	101	86	114	117	92	111	70	113	93	95
gene_26_decease	104	97	98	116	105	125	101	102	100	114	117	121	108	106	121	132	99	99	102	120	101	110	134	104	109	113	116	124	102	98	112	120	94	127	116	92	120	125	112	126	113	107	116	103	100	123	134	125	127	119
gene_27	106	100	102	93	99	115	97	118	98	97	109	101	114	111	103	100	107	100	91	105	107	90	89	92	116	100	105	111	109	107	95	103	99	92	100	111	84	116	107	111	95	90	92	102	105	114	98	91	100	92
gene_28	104	96	101	95	110	94	103	90	86	92	93	106	111	111	96	91	102	94	109	99	101	107	111	96	97	104	123	107	95	98	106	90	107	90	110	106	94	106	116	106	112	114	103	100	93	94	102	100	99	93
gene_29_decease	94	97	69	92	102	125	99	122	110	117	106	110	93	111	117	125	98	116	81	103	121	122	101	102	97	90	88	108	119	99	102	104	133	112	118	114	106	82	125	108	104	91	102	125	110	125	107	123	126	117
gene_30	100	104	108	105	109	89	94	108	127	114	106	103	96	115	114	108	124	105	77	107	107	102	95	108	92	112	102	100	117	106	96	113	127	90	119	111	100	105	103	90	111	94	126	100	107	87	113	111	122	103
gene_31	99	110	81	96	108	99	95	101	110	117	121	97	100	100	99	120	103	74	97	114	107	96	107	91	107	95	116	103	116	84	116	98	92	81	100	98	102	89	94	111	100	82	88	121	115	104	113	99	88	105
gene_32	97	90	97	96	108	113	117	121	122	101	97	109	107	112	100	98	98	104	112	97	94	100	93	101	110	106	107	104	91	109	112	97	91	102	117	100	118	106	96	98	103	104	95	103	87	115	104	104	97	111
gene_33_decease	114	98	94	106	109	117	92	111	96	115	92	120	121	114	119	106	103	132	92	123	130	120	131	95	92	88	98	96	123	93	117	131	124	115	116	91	120	98	122	112	94	105	99	124	125	129	130	125	121	93
gene_34	106	103	116	108	115	107	105	105	102	100	106	106	120	93	113	75	124	116	108	89	107	92	103	120	105	107	102	96	100	97	103	104	101	104	109	114	90	105	122	102	102	107	109	88	118	100	104	104	102	105
gene_35_decease	110	92	100	100	130	114	121	96	101	91	96	119	105	121	106	108	105	123	103	124	102	136	101	92	86	89	85	121	121	110	116	108	113	122	120	99	120	98	140	129	93	105	94	87	109	118	109	126	113	121
gene_36	114	114	107	105	100	92	117	99	109	96	82	108	93	120	109	111	119	104	104	105	110	103	115	95	105	94	96	118	111	94	107	115	105	93	96	93	99	79	110	118	100	89	92	106	122	124	89	106	105	94
gene_37	111	99	102	88	106	109	101	83	106	108	96	109	102	95	91	98	105	96	107	113	126	108	122	104	89	94	102	113	99	94	84	95	100	111	95	107	127	125	107	93	102	85	90	116	92	100	98	99	96	108
gene_38	97	109	113	108	98	101	93	107	114	105	104	109	110	113	96	101	111	103	108	116	97	105	98	131	111	84	116	116	105	102	109	109	103	101	101	112	98	105	87	95	119	90	102	97	113	108	108	111	101	118
gene_39	84	102	93	96	98	106	93	90	104	96	110	111	118	104	109	101	98	93	88	121	96	105	98	109	105	91	108	100	114	110	93	110	100	108	97	99	101	97	94	102	110	85	111	115	87	85	104	100	95	103
gene_40_decease	108	109	94	97	127	116	114	90	96	104	100	130	99	100	118	116	101	115	101	108	129	132	134	99	89	92	98	96	125	113	120	94	124	102	123	113	113	111	137	115	102	90	112	101	108	127	121	121	113	134
gene_41_decease	113	103	94	104	115	118	106	96	128	103	99	115	123	131	109	112	83	113	115	125	112	122	114	88	96	120	99	125	118	130	115	89	135	115	122	108	119	119	122	122	96	92	108	105	130	129	122	134	121	112
gene_42_decease	79	96	85	99	113	119	94	124	102	126	90	104	125	124	118	108	104	115	105	111	129	126	119	109	94	110	107	96	106	91	126	103	120	118	107	103	117	98	113	125	92	118	93	84	114	126	104	115	102	118
gene_43	91	101	103	84	101	108	133	99	121	85	111	105	92	117	122	88	115	98	104	99	90	109	88	102	100	79	86	109	106	115	102	113	101	97	92	110	100	115	110	96	95	105	89	102	116	111	100	120	99	118
gene_44	114	113	111	92	98	110	95	119	110	101	106	104	111	90	120	101	114	100	95	104	101	111	101	107	99	105	91	86	94	100	107	111	107	107	99	96	89	101	107	99	104	102	95	93	109	102	105	85	95	101
gene_45	106	90	99	124	106	113	99	107	118	105	94	116	103	115	126	84	116	112	109	101	114	118	115	90	98	100	100	99	86	98	109	115	93	92	111	99	112	105	106	105	118	111	95	104	121	102	94	103	125	107
gene_46	102	94	116	87	88	104	93	95	100	113	77	99	108	93	110	112	101	103	93	103	88	97	93	106	101	98	79	99	109	107	111	115	112	109	102	89	115	102	88	101	100	108	121	94	104	100	108	93	114	86
gene_47_decease	104	106	88	94	104	143	106	92	111	119	112	114	107	132	128	122	89	95	94	130	121	119	111	101	101	112	84	120	106	117	107	100	127	124	125	98	114	102	110	117	86	85	105	115	119	103	119	121	126	116
gene_48_decease	118	106	103	82	112	115	102	98	97	92	112	124	103	134	125	100	116	120	87	113	121	114	111	88	79	91	97	101	119	97	126	106	136	130	116	93	121	93	117	119	91	87	102	111	94	120	117	105	114	104
gene_49	92	90	91	100	109	102	89	84	116	94	93	116	114	81	122	107	119	81	87	76	119	109	100	105	105	91	103	114	103	102	107	95	111	93	98	98	108	109	102	119	98	120	91	97	111	108	108	101	91	95
gene_50	111	112	95	116	86	130	98	81	109	109	101	111	108	97	108	96	107	99	98	119	102	99	105	105	100	86	104	101	94	103	98	117	112	119	94	116	114	92	99	94	111	99	105	100	119	92	99	101	117	104
gene_51_decease	108	115	123	104	119	127	95	99	92	107	101	124	110	94	122	119	89	116	91	114	92	135	113	89	93	85	104	112	106	117	118	120	126	135	131	112	123	107	129	120	97	108	97	101	97	114	129	108	105	110
gene_52	107	100	122	99	113	112	101	123	118	107	103	96	110	97	105	103	113	85	87	109	100	101	99	102	91	93	107	108	97	114	100	106	99	104	117	105	103	98	106	84	113	87	117	101	95	126	104	116	111	102
gene_53_decease	102	99	101	108	110	116	109	102	107	99	96	133	110	126	117	115	99	121	119	137	117	138	118	112	95	114	89	106	118	111	131	122	128	113	107	92	128	112	109	111	121	113	114	104	114	108	116	112	110	116
gene_54_decease	89	105	92	105	113	126	112	94	95	91	122	134	95	109	131	95	92	126	123	112	126	127	119	93	108	91	105	114	111	97	126	101	135	111	106	125	105	88	119	123	100	113	76	92	97	114	119	120	128	91
gene_55	112	106	95	93	115	96	93	94	108	103	100	108	112	104	89	109	103	82	93	97	97	108	96	103	86	95	79	107	113	92	109	90	100	95	83	96	112	85	103	108	100	99	94	118	115	121	102	105	110	108
gene_56	114	104	114	112	81	102	114	128	100	112	92	91	105	102	110	82	103	106	105	109	102	109	98	103	99	109	106	94	92	115	118	119	100	104	94	101	95	97	112	104	98	101	113	108	111	87	116	103	100	108
gene_57	95	100	100	85	88	109	101	97	98	109	84	104	105	93	116	100	108	118	97	106	102	107	106	93	106	106	99	107	96	112	94	91	94	97	107	118	101	104	105	96	102	110	114	115	95	102	103	95	91	110
gene_58	103	99	105	98	80	108	120	103	94	105	99	105	96	121	100	100	125	99	115	108	118	101	100	95	99	99	85	104	95	75	120	116	117	90	95	90	120	108	113	92	107	100	129	93	98	104	96	113	96	96
gene_59_decease	105	103	107	93	124	114	113	78	105	136	87	111	100	118	112	126	110	120	99	96	112	124	123	105	84	92	98	96	121	116	119	113	114	115	117	114	129	105	129	107	133	104	92	95	100	119	122	121	133	118
gene_60_decease	119	105	118	98	105	122	112	105	92	119	94	120	125	128	120	118	98	104	117	123	112	136	116	92	99	96	96	107	114	82	119	101	113	123	110	102	113	105	114	137	102	100	106	105	115	137	126	104	126	108
gene_61_decease	93	109	89	108	121	113	111	112	102	101	104	132	106	121	110	118	111	115	82	124	128	126	116	97	110	107	84	94	121	105	130	121	128	119	101	102	124	104	114	123	101	114	97	86	107	118	116	112	122	113
gene_62	119	107	94	106	97	137	94	115	93	104	98	95	92	94	113	113	109	99	108	107	102	120	77	101	103	91	113	102	101	117	103	103	103	104	86	94	99	121	104	84	111	84	97	115	94	101	101	108	97	110
gene_63	109	76	108	96	90	100	101	89	90	112	108	112	99	98	110	84	111	97	111	99	102	110	105	92	97	102	100	94	93	87	91	88	109	106	111	108	99	107	102	89	105	132	112	113	99	113	91	105	92	90
gene_64	115	98	91	107	97	108	99	104	103	102	114	105	105	115	113	107	98	95	100	122	97	113	105	98	101	105	92	107	99	110	101	113	111	107	107	103	90	86	88	117	122	111	103	104	113	96	105	100	83	100
gene_65	103	108	112	104	112	120	115	98	103	97	106	112	99	96	93	94	112	98	85	101	101	105	104	123	104	91	92	114	117	103	116	94	117	101	112	93	103	87	110	99	103	112	111	95	102	103	103	110	107	89
gene_66	103	97	117	106	88	113	101	113	115	110	97	104	89	107	101	96	110	90	81	91	113	113	102	116	105	115	95	93	107	104	107	96	108	100	98	97	104	101	98	98	110	109	86	99	88	113	99	88	97	111
gene_67	99	101	84	114	97	104	93	108	102	98	83	108	98	106	106	110	111	90	117	118	106	113	94	102	91	108	116	115	96	103	104	109	110	118	111	92	95	103	95	96	97	91	116	122	86	102	115	110	98	98
gene_68_decease	106	96	109	112	107	119	107	104	85	102	103	129	104	124	130	128	111	115	98	124	118	103	118	111	85	100	117	97	122	90	117	122	102	125	117	126	136	129	109	127	111	95	96	98	126	112	123	121	124	118
gene_69	109	99	99	112	112	92	96	120	100	94	98	112	94	101	101	102	117	104	97	77	95	105	105	86	94	108	102	103	112	107	98	95	109	107	81	111	96	107	74	90	102	89	87	110	125	117	95	86	99	89
gene_70	110	130	104	98	94	122	100	100	106	101	89	109	104	103	100	90	116	100	100	100	117	107	96	92	112	105	72	125	97	98	99	114	95	102	108	101	103	136	104	109	91	107	90	105	88	91	94	98	122	113
gene_71_decease	105	98	114	100	123	148	100	117	100	104	107	110	103	113	108	119	114	126	99	113	104	110	115	113	98	97	110	108	124	106	100	117	114	125	134	114	122	105	126	120	101	103	100	116	117	134	125	125	119	114
gene_72	109	110	103	103	105	99	121	98	112	123	97	107	108	89	108	111	123	80	91	86	121	94	89	112	101	115	106	106	100	101	95	106	90	107	86	107	96	88	98	116	111	89	107	105	114	100	96	92	101	101
gene_73_decease	102	93	100	107	115	109	97	111	93	115	99	107	118	110	120	143	106	110	93	116	121	130	99	112	85	101	85	102	102	101	129	124	118	121	136	113	124	101	113	119	106	106	99	119	111	119	109	128	151	103
gene_74_decease	87	99	93	129	102	124	97	95	108	107	110	128	117	125	121	93	101	115	105	111	114	136	122	94	98	103	99	111	119	87	115	111	128	113	119	122	124	101	102	116	99	80	107	115	110	112	111	125	102	120
gene_75	110	110	93	95	86	109	97	99	86	130	115	109	105	94	110	103	111	102	105	100	106	105	85	102	113	107	103	129	123	114	110	114	98	121	107	96	114	112	100	103	106	83	84	108	107	106	114	92	104	90
gene_76	121	112	97	86	114	99	117	89	88	105	112	94	108	99	109	113	106	111	98	109	81	85	106	108	103	95	110	101	124	95	88	96	111	97	107	101	96	107	102	105	94	78	95	105	109	114	86	109	85	93
gene_77_decease	101	97	103	101	100	140	91	95	97	97	103	135	99	126	121	118	87	107	96	124	132	97	132	117	96	119	106	106	113	102	119	97	131	105	123	108	119	116	123	118	101	93	105	104	115	110	135	128	118	108
gene_78	103	92	114	91	90	102	111	87	78	87	116	87	120	115	109	107	100	90	102	107	76	118	92	110	99	99	114	116	120	98	113	100	118	96	104	100	103	77	105	84	123	99	118	102	89	88	92	90	111	119
gene_79	111	112	92	115	104	92	85	97	114	100	100	113	112	105	103	99	102	109	90	112	115	102	88	100	108	97	99	114	104	100	95	120	116	99	97	112	100	99	93	98	99	115	92	98	89	110	105	112	101	113
gene_80	115	120	78	97	101	88	106	113	105	98	79	100	113	110	95	90	107	101	112	123	97	108	109	106	98	98	109	116	100	85	101	111	98	90	91	94	112	101	116	97	105	89	98	100	95	112	113	99	104	95
gene_81	100	107	92	94	110	96	108	104	99	91	100	113	93	107	114	103	107	104	98	91	107	115	97	115	104	118	90	95	98	113	115	101	113	132	106	114	103	114	101	117	81	103	99	129	109	97	124	105	95	109
gene_82	99	100	88	95	89	101	101	85	97	96	103	100	111	101	100	95	108	95	96	106	85	105	88	102	103	108	99	103	92	104	106	121	110	109	90	102	104	110	99	105	104	111	105	100	84	115	105	104	108	107
gene_83	90	105	96	97	86	105	95	120	98	103	109	106	103	106	87	92	97	89	121	129	86	111	98	94	80	103	88	110	87	123	102	103	99	100	101	104	108	102	91	114	128	87	112	112	96	86	106	95	105	103
gene_84	101	125	94	99	99	94	102	104	94	89	105	114	118	109	129	91	99	86	87	83	99	94	99	103	103	111	110	112	103	107	107	100	82	89	111	112	124	104	103	107	100	100	107	107	111	98	107	106	107	83
gene_85	97	93	96	121	87	104	95	107	95	100	108	111	110	107	103	86	90	101	97	109	118	123	97	90	102	99	96	106	89	102	125	111	111	108	99	120	125	96	102	86	87	104	112	102	90	91	93	104	97	88
gene_86	102	110	102	92	108	94	78	105	108	104	101	103	88	98	106	102	104	94	91	103	99	89	94	102	106	99	83	102	100	106	94	116	112	108	102	98	87	108	93	95	98	107	121	114	100	77	102	103	102	103
gene_87	118	106	86	104	83	123	98	94	109	92	79	106	97	129	104	102	101	102	106	88	97	104	124	124	104	94	100	116	97	90	105	100	85	102	103	102	119	99	120	95	94	100	106	111	108	120	92	104	90	98
gene_88_decease	104	89	113	90	102	126	111	113	88	94	103	111	122	111	115	116	85	119	105	111	117	127	126	96	100	104	92	95	123	105	119	103	99	141	103	109	125	104	118	124	115	98	112	95	111	119	118	125	115	122
gene_89	116	97	103	105	108	117	114	97	95	85	98	120	104	117	96	107	91	104	100	89	97	94	120	111	81	99	104	98	109	97	104	104	116	86	103	104	104	110	114	77	95	100	118	106	106	83	88	102	80	102
gene_90_decease	114	104	100	98	125	143	96	111	101	134	94	132	121	124	133	101	111	104	95	109	115	100	122	108	108	96	92	112	108	95	123	132	128	111	145	110	108	95	109	107	133	103	109	99	123	124	128	115	122	113
gene_91_decease	102	104	87	93	117	113	110	87	87	110	109	114	118	110	111	120	98	122	97	116	133	125	118	117	102	89	105	109	134	101	106	95	121	126	111	108	120	102	118	118	108	109	95	124	113	106	109	124	118	111
gene_92	98	109	101	100	93	104	98	113	92	96	101	86	95	96	98	104	95	84	99	102	113	108	99	107	91	102	90	89	120	114	116	88	108	104	99	117	101	115	101	101	109	93	107	101	102	112	99	98	101	117
gene_93	114	96	118	103	89	101	111	122	101	120	95	117	93	111	108	98	110	103	87	108	107	102	107	90	109	101	101	98	87	101	105	101	108	107	102	98	110	115	110	101	111	113	97	97	109	117	84	84	95	94
gene_94_decease	100	120	117	91	123	102	90	108	108	94	83	108	107	116	122	119	107	100	102	122	115	116	106	89	101	121	98	88	100	100	123	100	110	96	99	100	130	99	112	124	94	87	104	100	133	98	106	111	114	123
gene_95	100	110	89	103	110	108	93	105	102	118	103	105	98	95	93	95	92	90	112	106	103	120	105	90	107	105	100	118	100	104	90	105	109	96	100	92	124	99	106	123	117	99	111	109	97	112	109	110	108	99
gene_96	95	90	81	104	98	128	93	107	95	108	109	113	118	90	120	87	95	96	87	95	106	96	96	106	96	114	123	115	103	111	104	109	92	104	105	117	111	98	90	114	112	89	109	120	120	140	114	99	96	105
gene_97	107	112	90	107	107	98	118	83	82	112	98	98	107	106	98	106	114	87	92	102	91	107	115	93	118	105	104	123	106	105	107	98	106	106	106	95	107	105	92	105	95	107	84	96	107	123	101	91	112	100
gene_98_decease	92	105	99	81	113	106	106	107	99	81	122	121	101	123	109	111	107	104	86	118	116	118	113	97	107	94	110	106	129	96	110	87	118	129	106	96	120	101	124	118	105	126	125	120	118	115	118	124	117	110
gene_99	100	90	87	93	95	118	87	88	106	101	93	111	122	117	105	103	127	102	92	88	102	106	110	102	114	89	99	95	92	115	113	112	100	104	111	114	120	95	100	111	108	110	98	86	110	124	116	94	85	110
gene_100	103	105	76	123	81	109	101	101	106	90	101	117	127	101	111	90	101	93	97	123	87	126	81	108	99	106	107	104	99	102	102	117	102	109	95	104	99	111	113	111	105	103	130	93	90	104	104	119	86	96
gene_101	103	103	89	106	114	96	105	115	122	112	106	105	111	100	112	98	106	97	112	97	109	101	98	92	109	113	88	98	91	97	113	108	108	84	78	104	101	108	99	105	118	105	113	116	97	87	109	108	80	109
gene_102	109	110	122	86	108	79	114	107	111	83	102	100	100	104	97	82	96	118	100	103	108	92	98	104	106	108	106	123	104	92	105	97	114	98	111	105	113	110	113	103	108	102	121	101	115	119	97	86	106	114
gene_103	93	89	106	101	83	102	104	92	98	116	110	106	103	97	101	96	118	103	107	96	91	108	108	97	109	140	105	91	86	114	106	107	95	97	107	92	108	104	100	77	87	108	133	109	100	113	97	111	88	104
gene_104	103	100	86	89	82	96	116	119	99	95	110	120	98	103	109	85	102	106	88	88	121	99	107	106	106	105	96	105	102	85	90	102	105	120	105	111	104	89	88	100	77	105	99	118	94	100	120	92	107	100
gene_105	96	96	115	110	107	96	95	101	101	104	102	97	88	97	123	95	123	100	111	85	119	81	101	96	106	107	99	96	99	111	111	109	93	110	108	92	104	91	90	103	100	95	122	110	96	103	119	102	98	85
gene_106	117	103	101	110	101	98	98	98	114	127	116	110	125	117	105	91	94	88	104	94	102	108	79	113	98	131	93	104	105	106	114	106	85	113	102	98	110	101	82	106	104	103	126	114	98	92	98	105	106	107
gene_107	114	98	104	106	94	106	76	115	104	122	111	102	111	104	105	84	86	108	113	107	90	102	127	90	90	117	125	91	103	100	96	104	98	109	92	102	103	104	116	103	107	112	86	86	102	112	95	119	95	109
gene_108	113	116	103	94	106	123	102	102	94	117	78	109	96	102	106	97	106	85	101	103	106	99	93	90	100	101	107	96	96	111	105	101	84	105	88	91	85	111	96	103	98	100	102	110	90	109	98	86	107	91
gene_109	115	111	105	97	111	92	97	95	103	95	101	103	87	86	121	111	113	93	103	100	89	104	104	99	120	94	102	104	109	105	119	104	109	94	94	90	100	97	103	98	96	92	104	109	98	112	108	91	105	130
gene_110	114	102	113	91	87	102	106	97	100	110	88	103	90	117	108	100	91	98	99	107	89	117	101	105	90	111	89	113	107	100	108	99	108	99	108	102	94	101	102	104	104	121	105	110	88	104	119	112	102	103
gene_111_decease	109	85	85	95	131	129	99	99	99	106	101	110	123	112	127	107	113	120	87	107	110	109	126	106	119	95	112	118	124	102	105	99	107	125	114	134	112	102	130	112	105	100	97	88	113	99	125	125	143	115
gene_112	103	94	104	103	119	91	114	120	99	101	102	109	108	98	119	109	95	98	96	102	116	108	91	104	95	78	93	89	108	109	104	87	111	95	98	84	114	112	96	111	97	103	119	98	106	105	91	99	103	107
gene_113_decease	107	71	98	75	117	110	87	100	101	116	123	137	109	103	127	123	112	110	115	123	127	126	129	99	119	96	101	123	122	95	121	95	110	134	108	82	128	88	124	116	117	91	100	128	98	126	122	119	119	122
gene_114	114	114	107	89	87	115	95	106	109	103	105	106	109	94	111	84	110	91	107	107	119	112	120	101	123	119	96	101	105	113	95	108	103	113	89	98	98	104	105	103	111	96	91	108	107	102	118	125	111	124
gene_115	122	105	105	104	84	103	87	102	104	105	116	113	88	111	98	80	116	93	108	106	106	122	83	109	94	109	104	76	88	103	114	101	125	111	86	107	134	104	100	93	100	89	90	108	100	105	84	105	98	97
gene_116	100	109	98	117	103	126	97	108	103	112	95	106	92	100	99	81	116	96	107	101	94	109	109	89	93	99	88	117	84	107	100	98	107	106	128	111	100	86	92	112	98	99	86	103	85	99	85	105	112	96
gene_117	112	102	90	119	110	101	81	97	110	99	127	109	98	110	110	92	111	87	96	86	92	105	81	106	105	107	103	92	123	108	93	95	99	94	86	86	113	95	81	105	110	115	99	86	90	107	96	109	109	98
gene_118	108	106	87	88	109	85	84	117	107	103	111	103	98	122	120	105	85	100	105	95	103	104	106	105	95	104	99	97	109	99	94	90	106	90	118	94	113	91	107	116	120	106	121	87	97	103	111	113	92	110
gene_119_decease	99	109	117	101	109	128	108	104	125	107	109	113	92	117	119	109	98	100	92	139	121	131	138	107	111	99	108	99	117	94	125	96	131	125	112	93	114	109	102	124	107	84	99	106	125	113	110	124	94	102
gene_120_decease	102	94	89	122	114	102	103	84	106	96	127	123	106	105	103	120	97	117	114	125	130	116	132	108	105	87	99	112	131	109	118	110	121	126	126	102	106	91	126	123	116	89	109	94	115	122	139	103	121	112
gene_121	102	91	99	97	109	101	93	100	102	102	98	115	109	120	89	87	122	88	80	102	85	110	105	111	96	106	86	99	99	96	112	116	100	94	91	113	113	106	107	104	122	104	98	99	80	98	108	117	109	107
gene_122	108	105	110	107	97	113	97	93	97	116	107	82	117	84	97	90	108	124	89	92	102	105	114	85	116	91	106	83	120	93	100	105	91	95	98	91	117	116	91	110	102	102	103	95	103	109	94	90	83	84
gene_123	96	93	98	109	98	106	113	111	107	120	115	112	99	107	109	100	106	101	106	108	109	110	91	108	98	108	100	109	102	98	112	104	83	89	88	112	97	96	108	96	103	107	99	98	85	100	99	110	79	120
gene_124	81	102	117	98	83	110	107	104	107	116	102	103	100	103	113	109	101	104	109	96	108	109	116	100	100	108	91	102	101	102	109	133	99	98	113	105	106	100	94	97	88	105	96	114	101	83	110	116	104	96
gene_125	118	119	91	82	103	90	103	112	94	103	98	90	107	113	117	107	87	109	104	113	87	111	94	102	96	93	103	104	114	102	91	103	100	92	98	96	92	96	108	101	106	82	112	101	118	95	83	103	104	114
gene_126	94	89	99	106	98	97	80	119	103	107	108	115	115	103	115	110	94	100	99	118	112	102	112	118	106	110	99	98	87	95	107	87	103	104	114	114	101	104	103	89	96	80	104	105	94	104	91	90	85	127
gene_127_decease	113	118	114	98	125	125	106	108	94	83	98	106	115	123	129	134	96	113	108	116	116	138	126	98	86	110	108	95	113	98	109	87	111	132	127	107	100	98	113	109	96	97	101	98	125	122	122	120	117	121
gene_128	98	93	78	99	96	88	116	103	92	102	102	119	102	91	104	97	105	86	92	106	87	106	110	105	122	103	101	114	106	102	113	104	109	104	106	104	82	111	112	97	98	98	105	88	88	104	114	110	93	99
gene_129	116	92	84	110	109	123	114	102	99	108	92	93	101	94	124	84	93	93	111	98	86	121	102	97	104	107	110	104	96	101	112	107	103	96	94	126	115	114	84	101	99	97	95	116	100	97	103	97	119	99
gene_130	117	103	88	97	109	103	107	99	106	101	110	111	127	100	103	85	103	103	107	123	91	111	108	104	108	125	111	98	95	101	91	91	113	97	101	111	113	93	84	90	115	107	105	100	109	96	103	114	93	98
gene_131_decease	98	89	95	100	109	124	101	108	105	104	109	140	97	116	120	118	110	115	78	118	134	98	109	129	101	109	118	113	127	93	129	109	125	108	120	110	109	103	113	119	99	117	110	100	113	107	114	130	126	125
gene_132	106	92	113	110	112	110	113	106	92	105	106	78	106	86	89	88	93	95	107	112	104	109	111	86	107	88	83	98	101	112	108	109	110	108	109	97	95	86	127	104	86	96	97	100	107	105	80	90	104	93
gene_133	106	99	109	98	103	110	96	113	101	100	108	93	97	99	92	106	87	99	95	99	96	94	102	86	97	98	120	107	100	103	119	92	94	111	98	103	94	97	107	100	76	85	97	106	84	101	104	99	94	95
gene_134	103	108	98	100	115	101	101	110	101	104	92	104	108	98	95	91	92	115	115	100	112	105	118	112	100	112	96	85	104	87	96	100	108	115	100	101	114	105	91	92	129	93	89	97	118	107	87	128	99	95
gene_135	93	104	101	97	97	104	110	96	107	109	88	109	109	105	110	98	101	106	103	93	107	93	115	105	103	101	89	102	105	111	86	99	89	108	91	105	94	95	95	96	107	100	103	96	88	108	106	100	109	108
gene_136	95	105	113	110	95	86	113	99	108	88	94	105	111	110	110	81	91	101	106	82	106	114	93	83	96	111	96	96	112	96	115	106	119	100	111	99	118	94	104	97	112	84	101	112	93	95	93	114	111	96
gene_137_decease	98	93	100	112	121	109	101	95	106	102	96	122	105	132	107	111	105	125	111	120	119	111	125	109	100	101	102	93	117	84	114	111	127	115	107	93	123	92	122	133	88	84	94	109	110	129	93	107	113	90
gene_138	101	86	84	102	103	118	98	113	119	113	112	121	100	101	100	94	115	124	100	98	114	88	98	97	101	112	102	101	107	94	100	109	101	119	117	93	89	99	115	112	89	114	100	102	107	114	98	104	92	111
gene_139	115	93	112	102	108	95	121	110	105	102	109	111	115	100	98	106	117	87	110	91	94	109	104	92	94	106	106	84	103	105	92	106	99	99	93	99	96	94	103	94	90	87	117	108	105	104	93	125	83	115
gene_140	106	85	116	110	109	102	81	113	103	114	103	99	88	110	99	116	107	98	109	103	94	93	100	104	83	119	109	113	72	94	125	92	100	90	96	89	98	107	112	101	106	106	102	92	90	94	103	106	93	97
gene_141	109	107	91	114	105	100	107	114	102	108	99	92	118	116	110	106	104	97	95	97	102	97	105	89	86	98	110	104	83	96	86	112	109	87	104	99	111	94	105	105	85	113	103	98	86	108	91	114	106	88
gene_142	130	119	92	93	95	105	111	101	93	121	105	113	107	99	91	91	121	116	105	108	106	78	112	101	106	88	84	108	110	97	104	100	108	102	93	106	110	100	118	112	99	99	102	134	86	110	115	114	108	98
gene_143	118	110	96	108	102	118	80	106	108	99	104	111	87	108	113	81	107	91	100	124	96	103	108	105	110	110	89	102	100	106	109	96	92	104	101	101	110	115	94	114	104	86	108	113	89	100	92	97	93	91
gene_144_decease	106	100	101	86	122	113	100	100	118	93	118	100	95	132	115	122	93	131	101	123	132	130	122	87	102	96	91	115	113	107	130	93	122	107	122	117	130	106	132	114	111	98	97	95	114	113	107	124	104	107
gene_145	112	88	80	103	107	117	114	96	114	111	97	107	107	106	95	100	92	117	81	85	120	98	108	115	85	111	97	104	100	87	106	103	98	97	98	103	109	99	106	104	92	118	113	101	115	114	94	106	102	91
gene_146	113	100	104	93	131	113	108	99	118	87	104	108	91	82	113	97	102	92	108	105	95	90	107	100	92	106	108	108	111	98	103	101	100	112	108	90	90	95	81	104	105	104	92	104	90	99	110	99	103	91
gene_147	102	93	97	85	102	118	95	113	112	102	89	108	96	90	79	91	109	106	101	96	97	115	112	95	100	111	91	106	105	105	108	123	92	97	103	99	110	93	102	102	95	97	104	98	106	98	109	104	110	111
gene_148_decease	104	91	88	93	102	130	105	99	91	89	104	137	97	115	117	119	110	117	115	98	119	124	121	100	93	77	97	76	122	97	118	105	119	122	121	97	112	91	130	129	87	123	94	119	102	110	113	140	103	117
gene_149_decease	113	108	111	96	117	116	114	114	103	98	96	130	112	103	107	103	106	113	96	152	111	122	105	103	99	113	111	104	111	107	109	100	119	106	132	107	113	105	135	112	115	94	106	88	107	101	108	129	135	125
gene_150	115	116	104	88	95	100	99	93	86	101	104	116	100	105	94	105	95	99	101	99	93	118	104	83	91	107	112	93	97	111	114	108	115	104	111	105	103	103	116	116	96	114	100	111	106	91	99	97	108	115
gene_151	112	100	108	97	108	103	117	95	87	106	94	99	120	86	101	110	99	101	101	104	100	102	87	101	106	95	104	105	116	100	111	102	106	140	100	102	112	95	104	106	82	94	102	113	115	97	115	95	107	103
gene_152	117	101	103	102	87	103	108	95	112	89	113	104	104	104	117	82	113	107	95	99	120	99	98	105	104	111	103	108	89	102	84	114	111	106	100	101	111	99	92	108	103	99	105	106	103	111	94	109	91	99
gene_153_decease	97	97	110	112	108	126	102	125	97	114	95	116	113	110	121	106	101	109	106	113	122	113	123	97	114	100	107	87	125	93	118	104	128	111	115	123	129	92	125	115	81	98	101	111	109	122	97	102	130	123
gene_154	101	105	91	86	107	94	111	98	84	108	86	99	111	84	115	106	90	98	109	105	90	107	78	106	105	90	108	97	110	91	122	107	95	111	99	117	98	94	85	117	103	90	99	110	97	96	95	104	103	88
gene_155_decease	105	120	95	103	115	126	103	110	95	112	119	117	121	123	112	114	96	124	88	125	110	124	116	114	120	118	95	95	101	94	106	92	115	102	120	98	119	103	119	108	115	102	102	113	120	124	103	120	129	103
gene_156	104	98	118	115	113	86	86	74	81	107	119	94	112	100	99	95	92	106	87	89	112	115	83	91	122	113	93	97	106	109	117	129	82	98	89	117	106	122	100	106	104	102	111	124	105	108	91	113	106	91
gene_157	105	115	105	105	126	96	107	84	86	112	98	103	113	94	119	108	96	105	115	101	79	112	94	107	89	108	89	106	87	110	104	102	103	138	92	98	117	111	87	106	115	100	104	92	98	97	89	102	99	135
gene_158	112	84	106	121	109	95	118	103	108	106	101	114	106	95	99	117	114	97	82	105	102	95	108	110	117	97	115	93	101	94	106	97	115	103	97	101	98	88	118	102	95	111	123	104	91	103	97	113	120	116
gene_159	109	100	96	111	107	105	108	100	128	102	90	104	94	81	105	100	99	104	99	87	102	132	101	80	94	99	97	92	108	94	101	115	101	96	117	105	101	106	106	102	106	99	117	83	111	110	87	105	87	101
gene_160	89	102	103	102	99	112	101	102	119	110	109	124	114	94	85	114	99	109	105	105	94	117	91	94	105	111	101	104	121	101	121	102	94	109	97	94	109	99	86	89	102	94	106	94	101	96	117	97	99	86
gene_161	110	97	94	90	86	107	107	99	115	111	92	104	90	98	100	104	117	97	119	94	117	114	105	104	84	97	94	98	113	113	91	96	103	107	107	114	95	114	90	105	89	92	106	99	120	106	106	103	110	105
gene_162_decease	104	100	97	85	112	109	112	88	94	98	116	126	109	112	104	113	99	126	87	122	105	123	119	110	100	107	94	101	115	87	143	95	105	130	128	97	118	102	113	116	104	94	88	111	118	110	100	116	124	119
gene_163_decease	101	103	99	103	123	136	101	104	111	103	129	108	93	113	132	100	127	110	100	107	119	111	115	114	97	111	104	113	115	118	122	103	106	120	120	119	116	104	117	116	100	113	112	100	116	108	116	113	128	122
gene_164_decease	96	81	101	109	107	101	103	104	106	95	114	115	102	122	119	126	123	137	89	121	112	107	124	100	101	100	108	94	111	93	126	103	116	127	101	91	108	90	117	113	84	100	118	94	102	119	120	133	114	121
gene_165_decease	99	108	108	104	118	119	108	89	97	110	93	119	113	113	110	127	116	116	112	118	119	120	129	100	112	113	108	96	139	103	119	119	106	110	123	104	120	102	120	127	96	104	107	117	122	103	133	128	129	108
gene_166	105	106	105	116	115	107	96	124	106	108	97	115	110	107	98	102	88	102	97	99	113	127	104	110	89	85	92	116	82	98	102	90	96	94	105	92	119	90	102	103	102	96	110	103	89	96	93	80	93	119
gene_167	92	91	87	117	100	102	80	107	124	96	111	103	101	102	107	100	95	100	102	101	95	89	111	98	102	84	115	105	101	112	106	126	91	84	107	103	105	105	86	85	100	77	101	102	78	111	105	107	89	97
gene_168_decease	111	94	110	99	118	115	98	105	111	111	89	124	106	119	109	101	92	127	86	96	107	123	125	107	109	112	88	103	139	99	118	123	118	108	93	101	116	119	115	116	109	118	114	116	123	123	129	123	115	119
gene_169	105	125	104	110	94	103	115	106	92	82	104	98	101	97	117	104	105	114	93	101	109	102	95	90	99	92	92	112	89	76	123	110	101	98	99	100	110	108	114	74	100	73	109	108	96	96	107	112	91	98
gene_170	98	96	118	94	92	109	120	92	113	86	95	120	107	99	94	103	138	87	92	102	89	117	116	111	99	119	128	114	91	112	108	87	109	110	96	106	99	98	96	104	99	120	118	107	99	118	102	95	109	101
gene_171_decease	117	104	103	88	119	118	100	114	102	98	105	121	119	121	100	123	107	108	101	112	125	127	112	102	97	116	111	99	137	86	118	108	111	118	129	90	121	102	115	116	92	104	96	98	113	113	135	135	113	134
gene_172	106	87	83	101	108	104	114	104	101	93	101	103	87	102	105	91	99	103	93	107	101	124	90	99	91	93	105	96	93	110	97	114	90	119	104	110	96	98	98	116	97	86	108	104	87	106	121	105	86	112
gene_173_decease	97	101	84	92	125	111	93	93	116	114	110	125	100	131	105	120	116	105	100	110	144	116	126	100	112	100	105	94	110	90	116	105	122	117	120	118	125	104	118	117	110	97	108	84	116	115	110	114	127	117
gene_174	91	123	109	100	100	94	112	88	84	92	100	94	87	101	95	107	109	107	104	91	103	100	104	97	112	107	105	99	104	111	82	100	95	99	113	108	96	120	114	101	85	110	135	94	94	109	103	104	110	76
gene_175_decease	96	93	124	82	122	122	97	98	109	108	108	124	115	107	103	121	108	107	89	106	135	133	111	106	89	88	102	106	103	114	131	99	116	118	110	111	116	91	113	109	92	94	103	110	117	143	108	117	92	124
gene_176	119	99	102	85	102	112	87	104	95	107	90	100	117	102	108	105	104	90	105	83	102	112	98	114	117	102	110	108	107	101	111	98	116	90	102	106	103	89	91	81	100	105	78	113	103	114	85	93	123	88
gene_177	100	90	93	99	117	112	93	111	113	94	116	126	109	97	114	116	91	84	113	120	113	106	92	117	103	108	110	97	131	103	116	99	97	113	106	108	99	90	101	96	94	95	100	108	104	103	85	98	99	91
gene_178	102	105	83	97	103	98	107	128	83	106	104	109	100	108	94	111	110	76	105	100	97	103	118	109	116	94	117	91	103	99	112	117	106	110	108	109	102	96	97	100	104	91	94	92	95	89	98	107	96	108
gene_179_decease	106	129	121	85	124	120	102	109	106	90	113	113	109	110	102	126	107	116	106	129	123	109	126	102	102	107	110	91	104	90	116	99	126	115	120	99	129	102	123	134	98	92	111	98	124	112	119	128	107	113
gene_180	96	106	104	87	108	109	106	116	111	98	95	112	113	114	96	103	94	96	90	104	96	101	91	99	109	89	104	102	122	87	113	100	104	103	95	121	104	114	112	89	114	94	113	90	97	109	119	112	90	87
gene_181_decease	96	102	110	96	115	110	97	92	111	103	109	122	115	122	128	107	101	124	95	113	117	138	115	93	104	98	115	111	114	104	145	124	121	114	121	105	131	106	105	114	114	100	102	112	91	105	126	119	114	105
gene_182_decease	106	104	101	88	114	115	110	108	103	130	97	115	100	126	133	122	84	112	107	111	119	117	109	109	97	107	100	93	105	96	131	99	120	135	119	103	129	123	114	123	124	91	100	103	122	125	99	135	121	113
gene_183	96	93	95	113	105	107	95	99	105	121	87	106	98	98	107	125	98	96	106	98	112	86	103	114	107	95	99	105	96	86	102	97	108	77	118	106	104	91	133	104	105	110	106	86	103	99	115	109	115	104
gene_184_decease	115	98	114	124	126	118	85	90	91	108	108	120	98	122	115	119	104	108	94	110	108	114	120	89	109	110	101	104	114	112	102	113	126	113	127	103	123	108	113	94	101	101	88	101	120	110	124	107	123	126
gene_185	104	91	116	96	106	118	114	107	96	109	106	107	102	108	111	113	109	83	105	81	100	106	96	93	97	97	105	92	82	117	106	117	98	107	90	118	105	97	105	103	106	114	104	91	115	93	102	97	88	109
gene_186	99	109	104	113	97	105	99	105	94	123	110	99	101	98	94	75	105	87	106	102	105	110	99	95	94	104	106	116	93	109	103	84	80	94	98	103	107	96	101	124	105	107	103	109	93	108	106	106	102	99
gene_187	108	99	98	109	96	103	87	103	98	105	120	92	105	103	97	93	97	126	97	93	80	98	104	103	103	117	103	113	109	106	108	97	94	86	90	94	93	111	109	103	101	109	113	111	103	99	113	99	96	103
gene_188	94	88	117	93	96	113	99	101	115	99	82	104	102	88	115	86	123	85	97	91	88	90	124	102	105	101	93	110	105	110	110	104	111	137	114	108	103	71	109	112	120	110	96	104	94	98	116	108	87	96
gene_189_decease	105	108	108	101	116	133	102	98	99	106	92	104	108	116	124	107	123	123	105	118	115	113	113	88	97	85	129	86	113	94	98	111	134	130	124	111	140	92	118	122	109	93	114	88	110	116	107	125	107	92
gene_190_decease	101	95	93	116	107	122	96	109	115	97	112	111	95	128	124	107	93	132	102	117	119	127	123	98	123	97	99	95	125	101	119	104	128	125	117	94	124	98	105	103	97	80	107	90	116	113	123	120	127	109
gene_191	117	98	114	81	100	117	110	109	94	106	91	112	119	84	109	97	105	82	99	80	100	122	103	110	98	104	100	113	85	111	108	96	118	116	101	112	111	102	104	103	102	107	108	109	95	104	88	95	105	108
gene_192	89	95	115	102	120	99	103	109	102	92	95	115	86	97	93	86	105	93	92	105	102	118	109	95	83	96	91	109	98	101	112	99	100	97	98	114	102	89	124	103	81	100	113	110	105	87	125	77	90	105
gene_193	105	92	87	108	93	113	103	106	108	93	89	109	104	109	101	104	113	100	92	100	109	122	118	99	95	121	96	111	120	111	99	111	99	111	115	81	105	106	104	112	100	94	94	79	109	96	116	110	99	104
gene_194	103	88	104	107	100	96	100	93	115	90	81	101	77	94	111	90	111	108	123	114	112	107	111	101	124	94	90	110	115	102	106	114	112	98	104	106	106	80	97	105	99	94	106	112	90	109	109	109	91	103
gene_195	132	117	125	101	103	108	109	100	113	85	84	92	120	104	94	105	107	81	82	90	136	93	105	95	107	119	99	118	113	87	102	101	108	98	104	106	109	113	101	112	97	108	109	96	91	94	112	88	105	102
gene_196_decease	105	97	111	104	123	127	108	93	82	100	99	116	99	120	129	115	108	122	106	127	112	118	135	94	114	112	91	103	115	87	120	115	114	109	109	107	112	107	114	125	111	98	92	106	109	126	124	104	116	114
gene_197	106	87	96	84	99	104	107	108	100	125	114	89	113	104	105	103	99	88	98	100	110	113	104	90	90	106	105	107	100	112	117	114	127	105	91	107	99	103	101	127	84	96	98	105	101	82	108	98	92	106
gene_198	114	84	114	117	102	83	90	99	101	113	126	113	108	94	113	91	102	93	111	108	105	101	113	92	98	97	94	84	119	94	109	108	97	105	112	113	106	102	101	113	109	106	101	116	103	114	107	115	93	101
gene_199	107	86	115	112	105	125	118	102	92	95	95	97	105	112	106	104	112	102	81	91	105	105	105	85	93	99	100	104	97	85	88	99	112	103	108	100	97	90	87	92	110	95	117	94	101	95	114	94	101	94
gene_200	109	95	98	99	104	108	118	103	96	117	98	94	101	92	123	82	117	109	104	109	103	94	107	105	101	110	92	109	103	106	109	107	108	115	84	96	116	103	106	105	102	104	100	116	91	91	94	109	83	107
gene_201	103	81	87	96	108	120	110	108	95	110	106	106	94	113	96	108	100	97	101	95	101	105	110	119	98	97	100	91	91	100	110	93	96	102	103	104	99	111	104	81	110	99	109	113	88	102	122	101	114	103
gene_202_decease	93	88	99	103	118	137	102	111	104	120	91	139	128	106	119	97	101	112	112	111	131	137	113	83	108	92	106	97	104	91	114	107	108	122	111	107	126	115	108	125	99	101	95	111	115	100	117	127	106	111
gene_203_decease	110	102	117	109	107	121	94	97	93	96	93	124	97	122	114	113	107	127	93	115	124	128	106	110	101	107	96	130	128	99	126	106	119	126	119	93	152	106	114	103	119	89	94	106	120	124	122	124	119	111
gene_204_decease	107	105	88	97	135	118	89	106	101	111	95	119	109	112	114	125	100	115	107	129	121	130	105	84	110	106	106	95	118	111	117	113	137	123	138	95	137	102	127	128	107	88	93	115	99	117	113	113	112	116
gene_205	90	104	93	114	95	97	118	111	98	100	95	99	105	105	114	97	101	95	93	111	110	100	106	92	97	110	86	104	107	101	91	120	117	96	113	95	86	97	95	102	114	104	100	74	95	108	88	97	87	102
gene_206_decease	94	99	94	82	126	110	102	114	116	101	96	102	98	111	126	117	93	119	104	109	118	117	115	94	91	108	103	114	95	107	112	120	115	105	135	111	116	94	119	119	127	104	87	109	107	119	118	112	117	118
gene_207	113	107	94	105	100	110	105	107	92	94	100	112	104	90	125	114	112	100	90	106	113	104	110	120	97	101	86	114	92	113	121	100	106	94	103	107	99	86	104	88	93	101	104	102	97	94	101	88	112	99
gene_208	98	103	104	88	96	102	118	104	113	115	101	99	120	110	101	102	121	100	110	99	101	103	129	108	101	98	101	108	91	83	101	108	118	104	102	118	105	87	100	107	98	103	113	93	84	117	104	109	114	100
gene_209	96	107	106	99	100	102	94	115	104	103	120	111	100	117	104	97	108	94	86	119	91	106	110	114	98	98	107	99	91	109	107	131	95	85	97	137	117	103	103	95	99	108	99	106	104	97	85	125	114	108
gene_210_decease	106	122	103	86	115	131	99	87	90	97	108	100	104	126	116	130	98	129	105	106	142	136	127	118	108	96	112	111	92	96	123	100	119	132	120	118	124	121	121	124	95	95	109	100	105	111	104	126	108	117
gene_211	126	97	92	99	95	103	96	100	100	100	103	105	94	105	105	111	123	92	111	95	104	99	118	89	92	84	94	94	118	101	112	98	106	93	120	112	116	94	103	112	85	96	126	109	99	105	93	100	109	106
gene_212_decease	98	109	97	103	111	119	106	107	64	103	108	109	109	121	117	136	98	133	91	118	112	140	105	111	103	107	101	84	117	88	144	108	122	100	122	82	111	82	108	115	89	108	114	115	103	135	126	95	124	93
gene_213	102	96	100	101	125	113	103	114	100	106	93	102	103	108	105	106	110	104	91	91	104	93	100	94	109	110	108	122	108	108	92	102	118	105	92	98	111	107	101	108	93	105	91	120	99	80	115	108	101	94
gene_214	91	110	88	118	98	92	116	89	103	97	106	106	111	95	105	90	129	84	103	98	95	101	93	98	106	98	112	103	92	109	104	112	107	92	102	95	97	103	96	99	114	87	99	97	115	103	112	112	84	107
gene_215_decease	111	101	117	97	99	117	74	115	118	110	92	124	106	108	133	131	96	118	115	113	113	119	113	95	105	90	105	93	116	104	120	102	122	122	118	95	129	119	130	116	111	98	107	120	110	108	106	126	104	105
gene_216_decease	124	112	71	104	138	119	116	106	99	112	94	123	109	120	127	137	127	123	101	105	111	119	108	108	84	101	89	99	132	93	122	98	116	120	125	102	133	99	125	106	109	106	112	99	128	114	121	112	108	109
gene_217	110	109	115	95	101	115	100	101	134	103	108	85	105	117	106	103	103	100	112	96	111	120	100	102	94	115	95	117	120	84	90	101	115	105	95	100	100	93	103	98	103	99	95	95	97	103	90	109	103	113
gene_218	93	108	119	107	101	114	100	96	100	103	108	121	101	119	96	98	109	100	112	99	113	90	104	97	101	117	102	89	95	113	95	101	94	117	89	95	105	113	95	103	94	88	112	117	100	91	82	117	95	106
gene_219	87	95	96	103	108	105	101	91	98	81	109	95	112	99	92	105	106	98	93	92	112	99	87	92	104	107	99	102	91	101	91	88	114	103	100	92	75	89	105	95	100	81	99	106	90	94	96	91	115	98
gene_220	113	93	101	94	106	86	85	108	104	98	103	103	98	100	110	106	112	103	105	85	103	83	111	100	85	98	95	118	105	94	99	97	97	93	94	131	92	81	107	111	107	122	110	98	103	109	99	111	78	119
gene_221_decease	118	100	105	129	111	129	96	133	122	104	102	128	90	132	117	130	101	115	101	104	104	128	128	98	105	95	89	114	120	100	113	95	115	111	121	104	120	127	129	96	103	100	107	115	128	111	97	106	115	116
gene_222	103	107	111	115	86	97	99	105	98	105	106	99	92	108	109	81	100	84	104	88	120	97	104	95	105	100	93	86	90	106	103	84	108	95	97	97	84	103	96	103	104	96	122	109	125	102	106	95	91	87
gene_223	105	87	103	94	103	112	99	88	97	102	96	122	102	89	104	121	111	82	97	110	101	100	82	98	112	100	105	116	101	115	105	88	106	103	91	114	107	103	108	113	101	83	101	87	96	92	85	133	97	102
gene_224_decease	121	93	101	104	105	114	121	123	108	95	70	121	101	113	119	103	120	112	99	120	113	146	135	98	102	86	112	88	117	107	121	108	120	111	100	106	125	98	136	112	90	101	123	102	102	122	111	100	132	110
gene_225	104	108	114	100	102	100	95	87	83	108	98	98	98	102	96	125	123	102	69	92	98	114	107	110	98	99	104	83	107	94	124	89	112	121	98	99	103	108	93	101	100	111	97	107	108	98	109	110	111	85
gene_226_decease	110	114	97	99	121	132	94	102	92	93	94	136	119	113	145	111	104	100	129	106	124	125	123	99	104	100	97	123	119	97	111	131	99	143	128	111	111	108	106	131	124	102	94	123	130	131	122	125	124	128
gene_227	111	100	94	103	117	100	101	83	95	90	100	84	110	100	106	98	122	96	118	102	115	105	108	96	102	85	101	120	111	98	117	127	104	87	119	77	100	89	85	105	114	99	100	96	96	93	102	82	120	106
gene_228_decease	107	120	98	86	109	115	106	101	111	104	95	126	106	114	112	93	120	118	86	116	125	109	127	87	90	98	87	111	124	103	135	118	125	129	99	101	118	109	126	125	94	116	106	114	115	119	114	127	108	96
gene_229	106	104	99	101	104	109	113	93	105	110	97	103	103	123	117	83	101	100	96	107	116	91	113	96	103	88	102	93	98	100	71	106	120	97	94	104	100	99	97	91	110	102	89	92	118	107	79	110	109	94
gene_230_decease	111	88	100	96	138	135	96	110	109	110	112	128	110	123	113	102	90	123	91	102	118	136	110	88	104	88	92	97	131	84	104	99	117	118	131	84	123	105	138	139	99	90	99	83	118	115	103	110	110	111
gene_231_decease	102	94	112	109	123	126	98	91	104	114	97	111	114	122	115	122	101	126	116	102	117	121	114	112	107	90	125	110	117	100	113	109	134	109	119	100	109	110	106	116	115	97	106	110	104	114	104	108	111	116
gene_232	103	100	94	88	106	106	105	95	111	113	118	96	122	96	103	113	94	105	101	107	98	117	93	113	105	100	96	101	89	97	109	94	118	94	90	102	97	109	101	87	88	88	117	107	95	97	99	112	94	111
gene_233	88	84	131	89	94	107	95	105	87	104	124	100	103	103	130	81	107	100	98	96	93	112	100	85	96	93	100	104	86	115	90	108	114	110	109	111	112	96	101	91	105	81	112	110	99	101	100	106	115	92
gene_234_decease	88	94	100	86	138	127	87	118	99	104	124	123	107	123	123	119	118	101	102	133	110	118	105	83	99	98	92	112	113	102	96	101	123	116	115	105	130	102	114	118	98	95	111	96	106	113	119	137	130	107
gene_235	95	108	112	91	101	125	111	101	91	120	91	95	101	88	95	109	96	132	118	91	107	108	96	103	96	134	95	80	104	94	101	110	126	99	84	117	117	90	112	95	109	98	71	97	106	95	108	124	96	102
gene_236	106	109	83	107	91	101	99	93	113	104	97	115	102	112	107	95	117	92	111	111	104	110	114	102	109	93	102	92	85	107	108	101	106	91	99	120	107	103	99	108	111	112	115	107	89	89	104	107	102	98
gene_237_decease	106	109	105	109	128	118	94	111	114	108	104	102	96	104	111	104	101	108	108	102	106	122	96	82	91	99	89	103	105	99	123	106	114	130	137	110	121	104	131	119	95	80	104	90	113	120	135	134	139	124
gene_238	106	108	89	101	90	109	112	104	105	112	91	103	126	95	119	111	112	102	106	102	105	114	120	90	93	87	116	107	87	108	113	89	107	113	81	99	85	103	102	95	105	100	108	119	88	95	93	100	105	77
gene_239	84	99	104	114	109	104	93	124	105	102	103	120	108	94	92	96	101	120	102	110	100	107	102	101	120	106	118	101	99	95	101	94	112	111	106	121	131	108	97	112	86	120	113	106	93	131	93	127	89	112
gene_240	89	112	117	100	104	90	107	110	97	107	106	108	117	111	110	95	99	111	125	105	96	107	87	114	107	98	115	115	98	96	116	98	93	105	111	85	110	96	88	77	104	87	104	106	87	103	105	95	96	116
gene_241	110	86	102	90	88	123	101	118	89	106	104	100	113	99	104	93	96	103	102	108	102	109	101	92	113	120	83	96	111	97	128	109	83	108	106	101	88	90	99	117	105	109	102	92	105	109	100	127	88	97
gene_242	87	107	113	86	107	114	97	91	83	117	114	91	124	101	107	106	95	92	91	97	92	103	99	112	93	102	103	114	88	128	118	106	91	95	117	107	106	92	80	95	121	98	99	107	94	114	123	121	89	102
gene_243	90	108	99	96	105	100	124	122	99	101	115	105	107	110	104	109	96	99	104	107	111	127	109	94	94	107	92	95	101	105	104	122	110	128	101	96	106	96	113	111	87	89	112	101	111	109	94	101	101	94
gene_244	110	107	117	100	105	106	105	110	92	128	80	122	110	105	108	112	121	114	88	95	95	105	98	91	112	97	97	86	108	98	109	107	102	93	110	118	90	115	115	94	91	111	96	88	110	118	120	105	112	101
gene_245_decease	97	114	98	101	104	113	90	114	104	99	93	110	102	123	126	125	116	96	107	123	105	121	113	108	110	112	99	100	115	93	137	131	126	120	124	102	123	100	131	124	109	89	101	107	106	118	108	116	126	119
gene_246_decease	108	94	100	102	117	135	100	88	101	105	89	117	93	112	115	132	95	105	110	108	116	123	108	100	124	124	101	95	114	103	127	109	131	122	102	93	123	87	103	124	109	101	110	96	127	122	109	108	125	113
gene_247	98	100	108	101	105	93	89	109	100	102	102	107	104	115	111	108	121	90	102	113	109	120	106	101	110	100	108	102	89	119	91	90	97	100	105	99	118	94	106	99	99	93	89	121	89	94	101	103	123	98
gene_248_decease	123	108	85	94	120	107	109	85	102	110	111	110	94	124	125	98	103	107	92	102	113	134	121	109	120	99	96	115	140	99	106	87	134	100	108	109	124	100	117	88	91	113	99	120	117	127	112	109	108	101
gene_249	116	106	109	98	97	101	104	101	106	105	106	87	100	105	104	95	109	110	108	100	100	94	107	105	101	94	108	92	94	101	101	121	99	97	95	109	114	105	108	104	112	84	125	120	111	92	103	87	101	89
gene_250	109	107	119	96	107	104	106	107	83	86	93	117	101	88	101	107	103	111	104	105	87	119	99	110	104	83	115	120	79	94	116	105	92	103	108	103	103	109	111	106	101	105	103	90	103	107	102	106	79	101
gene_251_decease	111	93	89	100	107	113	103	99	109	103	117	124	106	107	122	111	115	104	97	91	119	103	111	90	96	99	99	102	106	116	130	105	123	121	118	86	120	91	106	122	101	95	95	90	123	98	123	123	123	94
gene_252_decease	106	108	90	85	105	111	112	93	124	117	98	112	94	128	121	117	119	124	100	112	116	132	113	93	110	85	84	102	105	90	117	115	125	113	115	81	118	85	123	122	98	92	103	108	115	120	121	125	142	104
gene_253_decease	99	108	106	83	121	122	101	104	120	132	114	109	107	122	102	124	115	126	111	114	107	120	110	84	98	83	104	135	111	99	124	102	108	122	126	99	143	85	114	111	107	95	103	93	100	124	114	127	116	117
gene_254	114	93	96	89	111	103	105	97	87	100	101	102	116	105	104	111	102	111	95	96	105	96	92	135	94	98	87	100	91	93	107	99	100	100	101	100	96	105	90	86	100	93	117	99	114	96	95	111	101	104
gene_255_decease	100	86	103	90	117	130	113	98	85	91	94	124	103	138	114	129	104	112	96	128	111	111	98	97	92	125	106	104	108	116	140	110	125	130	119	95	119	97	103	112	96	104	106	105	111	114	107	130	100	94
gene_256	116	94	96	109	102	101	118	100	74	109	103	94	99	86	109	104	103	99	87	103	100	94	94	114	88	96	94	97	91	105	87	99	101	99	108	91	115	103	107	93	101	91	111	106	89	112	97	89	116	103
gene_257	101	96	100	93	97	99	95	98	95	110	91	98	91	110	98	101	112	130	107	91	92	100	98	93	111	104	100	112	121	90	100	110	114	115	109	111	110	98	82	78	93	114	114	95	89	93	82	95	106	105
gene_258	108	108	98	95	116	88	100	105	82	96	106	98	114	100	98	101	108	98	82	91	103	101	100	100	98	92	92	105	111	117	105	95	100	105	93	105	110	106	104	101	104	106	101	99	115	96	107	100	104	108
gene_259	102	89	90	97	96	94	107	117	111	112	104	97	106	99	113	103	100	86	96	102	119	102	133	103	101	99	109	113	89	110	95	112	100	110	96	91	93	90	85	121	95	101	101	112	89	114	100	113	95	102
gene_260_decease	111	83	90	112	122	134	93	91	106	98	87	129	102	105	112	103	94	122	95	122	131	113	109	88	103	93	105	97	121	112	115	119	121	117	129	92	119	102	139	118	88	86	101	98	109	123	115	117	124	116
gene_261	114	98	94	99	88	113	85	96	118	106	93	93	90	106	105	97	107	90	104	99	117	99	107	105	96	92	94	80	95	100	105	100	105	94	78	103	108	97	81	121	94	85	91	109	105	109	104	113	97	104
gene_262	110	98	104	101	110	108	98	109	104	106	116	98	115	94	102	86	112	95	98	101	90	108	113	90	106	86	96	93	86	106	92	100	91	112	88	122	95	87	113	108	81	107	114	101	87	116	104	101	102	85
gene_263	107	102	108	105	121	101	98	112	89	115	108	91	115	95	107	105	106	104	98	99	100	104	116	105	119	101	103	95	96	100	93	120	87	99	95	130	105	95	104	102	98	98	105	103	95	103	100	121	110	102
gene_264	104	105	97	103	104	91	95	118	106	106	103	112	88	103	106	101	108	105	107	100	97	121	107	94	123	95	87	115	95	97	117	112	95	101	92	102	109	101	88	103	98	122	107	111	106	122	108	96	119	107
gene_265	131	100	101	105	103	96	89	94	110	101	102	104	111	101	107	82	110	85	110	111	92	95	114	97	109	93	89	123	102	103	96	99	117	109	124	98	115	111	96	93	96	111	100	102	106	99	99	105	106	105
gene_266_decease	97	80	88	72	111	112	89	108	101	109	115	107	115	116	114	126	92	108	91	89	98	113	112	114	91	97	111	94	135	102	120	95	125	109	107	113	117	90	119	127	110	90	105	99	100	139	94	134	106	116
gene_267_decease	101	93	98	102	114	134	78	96	109	123	102	118	101	104	106	120	112	114	102	126	113	141	131	100	91	104	94	123	122	98	112	117	129	131	111	97	122	97	125	111	106	108	100	109	111	117	104	126	120	116
gene_268_decease	99	111	87	108	129	120	98	90	116	111	100	126	93	122	125	111	102	118	98	101	111	118	116	106	123	116	93	94	106	110	130	109	124	114	114	107	112	92	115	130	95	78	116	86	125	123	98	110	111	124
gene_269	96	96	96	108	108	100	97	103	82	82	97	107	100	99	103	100	115	87	93	111	122	99	108	114	113	101	121	110	110	98	123	104	100	101	83	92	98	91	89	101	103	105	116	103	97	97	103	101	102	92
gene_270	117	119	85	103	109	137	104	85	100	98	100	102	79	102	109	81	97	98	111	127	91	89	122	118	105	93	108	102	99	106	99	111	111	104	99	105	94	113	96	102	93	92	94	102	95	120	104	102	95	111
gene_271	94	96	109	112	100	101	116	96	113	120	98	102	93	94	99	102	107	114	86	89	104	95	97	81	112	84	93	114	83	100	93	118	110	110	97	97	94	114	100	102	107	116	101	119	114	99	100	111	93	93
gene_272	108	96	111	104	106	109	93	96	102	135	108	120	94	112	103	85	96	95	90	105	98	110	119	104	124	115	104	116	97	94	95	93	113	121	71	118	105	113	112	111	113	86	105	101	106	91	103	135	98	108
gene_273	117	109	103	109	95	122	113	101	113	107	97	104	97	96	102	106	90	116	94	93	112	108	110	94	106	92	90	105	107	96	99	102	104	112	97	98	88	83	102	105	127	82	115	120	79	97	87	97	94	85
gene_274_decease	104	98	99	101	125	125	102	106	108	103	89	118	111	123	123	112	120	120	108	130	120	109	107	104	83	118	119	103	116	107	92	80	130	116	135	110	113	105	117	122	110	108	103	126	114	120	132	118	129	116
gene_275	99	84	107	91	114	118	106	110	127	100	90	95	101	95	103	100	95	105	91	100	98	102	108	85	106	113	93	106	106	100	91	88	101	99	117	85	117	98	99	105	119	110	104	98	96	115	108	111	117	100
gene_276	99	85	121	105	107	105	103	101	98	120	98	111	120	99	93	82	122	104	84	125	115	106	114	101	95	100	110	108	127	97	115	95	101	80	92	109	106	97	98	126	115	86	123	94	101	96	101	83	82	106
gene_277	121	96	96	83	105	107	99	106	105	112	98	94	75	101	97	108	96	117	109	102	105	94	111	104	79	104	117	104	98	125	90	109	105	110	107	88	124	108	107	112	89	95	95	100	86	117	96	111	78	110
gene_278_decease	89	98	113	91	115	135	94	92	81	97	105	120	92	117	131	127	113	97	87	115	127	110	120	101	105	114	99	83	114	129	111	106	145	122	119	92	114	84	110	110	105	113	96	93	103	108	116	118	99	119
gene_279	95	100	121	93	103	88	90	99	108	100	120	97	98	98	108	106	99	109	94	111	87	112	107	90	121	90	89	105	109	110	103	113	101	94	100	109	124	113	102	106	110	98	101	114	95	96	118	102	106	92
gene_280_decease	82	102	99	106	127	110	100	108	96	103	91	121	114	123	117	123	116	108	100	113	128	127	107	116	111	112	94	82	106	87	136	111	112	121	106	123	128	100	110	107	84	94	107	92	111	103	130	116	126	119
gene_281	97	97	85	95	87	119	96	98	92	107	96	95	110	108	99	108	112	100	101	92	83	109	113	118	104	91	106	108	93	82	111	101	99	95	99	110	109	103	102	101	107	110	80	93	94	103	124	94	95	109
gene_282	120	98	96	102	105	102	112	112	96	105	100	110	102	111	105	87	104	89	95	100	103	110	104	88	110	97	95	108	86	132	106	98	104	95	117	104	124	122	89	103	97	105	94	103	105	94	89	123	81	97
gene_283	83	106	105	86	109	98	97	99	93	98	107	113	104	92	83	109	84	122	99	91	106	123	109	103	100	95	106	112	93	107	107	100	100	90	107	113	94	105	110	89	92	101	111	98	110	89	92	101	117	90
gene_284	120	90	110	86	104	92	120	113	112	109	93	110	99	113	119	95	107	110	105	100	100	103	106	112	93	138	100	118	99	94	97	104	94	104	102	102	94	86	103	118	88	92	85	119	105	101	83	98	93	115
gene_285	87	108	98	105	109	109	103	96	99	104	113	102	109	111	99	112	116	105	96	103	107	92	103	99	104	93	92	104	114	104	115	95	96	110	107	96	106	102	118	91	111	81	117	116	88	96	114	113	112	94
gene_286	89	97	100	97	102	110	109	112	93	87	117	125	112	83	120	107	105	91	111	86	100	109	87	108	102	119	102	96	114	109	119	107	98	108	93	105	110	99	115	101	106	97	122	107	113	117	106	120	101	97
gene_287	96	94	105	111	96	88	101	92	107	121	116	103	92	97	102	106	103	101	99	103	119	94	112	82	108	85	84	96	106	112	117	110	116	111	115	96	96	82	104	110	111	100	127	112	119	98	107	102	89	114
gene_288	102	94	103	104	75	106	108	89	105	95	93	112	119	105	82	83	119	117	117	97	109	83	99	104	101	89	94	98	102	106	95	99	112	93	93	96	94	105	104	106	106	103	97	103	108	110	117	99	104	84
gene_289	106	113	94	94	91	116	99	114	116	108	121	109	76	98	98	101	87	112	108	101	108	111	90	113	86	105	99	99	98	115	107	103	99	130	99	102	123	98	119	93	119	89	99	101	93	89	99	85	111	93
gene_290	113	92	97	83	109	114	110	98	87	109	85	115	103	125	86	106	107	92	104	98	88	99	105	94	99	95	114	105	124	104	91	97	107	103	96	103	93	91	100	116	88	82	106	118	100	88	91	104	104	83
gene_291	106	112	108	80	104	101	110	109	97	90	102	103	98	103	95	83	118	95	119	93	100	100	83	105	88	101	113	113	113	97	98	87	109	100	93	111	111	92	90	114	77	109	111	98	117	104	108	90	103	99
gene_292	104	113	115	96	113	98	92	104	98	107	95	91	92	100	115	105	111	127	106	107	113	100	105	114	103	102	122	93	115	97	89	106	119	94	109	104	106	91	84	101	92	103	96	107	88	131	111	93	100	99
gene_293_decease	104	88	93	91	96	112	112	85	91	102	101	124	105	114	128	118	98	118	98	120	104	110	125	93	97	82	99	114	120	91	126	101	114	106	111	99	118	108	108	110	109	98	104	91	122	135	100	115	126	127
gene_294	92	98	111	89	104	106	110	105	120	109	92	96	96	101	98	96	120	108	108	111	105	126	117	91	105	105	109	106	102	95	106	98	103	101	100	108	101	99	91	95	107	102	101	102	91	87	98	86	84	108
gene_295	112	94	100	113	120	101	103	104	97	112	108	104	91	85	91	104	111	116	82	94	91	105	107	113	114	110	102	117	99	99	106	107	98	87	106	94	102	93	94	105	100	83	100	106	92	97	113	107	100	84
gene_296	93	70	91	102	111	102	100	131	124	118	100	103	97	110	100	112	96	96	118	99	96	101	98	116	97	99	79	115	113	101	103	111	101	95	115	106	102	98	100	115	106	87	103	110	124	94	98	110	87	99
gene_297_decease	113	106	120	90	128	128	120	92	107	107	109	110	105	122	119	125	105	102	101	117	107	101	105	117	101	104	104	110	115	91	122	109	115	124	118	94	109	97	113	118	106	107	105	103	111	98	109	121	112	108
gene_298_decease	115	101	73	104	111	105	100	96	104	114	101	121	115	110	117	139	106	104	107	116	103	130	128	121	96	101	85	90	116	101	139	91	110	117	116	106	113	109	104	116	108	95	103	103	111	97	117	121	109	137
gene_299_decease	95	92	116	104	123	139	89	117	101	106	101	115	111	124	119	109	106	116	113	132	124	128	119	115	84	100	106	104	103	100	106	102	127	107	118	108	130	115	136	113	84	87	107	113	123	113	113	108	126	112
gene_300	106	98	99	114	111	118	106	94	89	124	101	104	107	115	100	113	118	96	112	89	108	100	93	104	98	124	92	98	108	111	112	113	105	131	84	109	89	98	105	111	127	112	117	88	96	111	112	103	115	103
gene_301	105	106	108	100	103	131	111	118	108	103	95	107	99	101	118	95	113	106	97	108	119	105	118	101	95	84	110	96	104	106	115	82	110	101	114	95	102	112	115	80	97	102	100	106	101	106	113	99	114	96
gene_302	113	86	85	92	90	106	109	118	101	112	97	120	105	104	86	99	90	106	93	110	115	98	102	98	100	101	101	114	94	113	101	111	106	94	108	93	91	97	122	111	97	98	83	120	119	122	103	102	102	108
gene_303	112	96	100	94	101	125	77	95	115	100	115	107	116	106	110	95	111	80	85	105	89	107	113	92	102	104	102	120	103	110	115	110	114	96	124	125	121	106	90	106	112	106	121	104	108	113	100	109	106	93
gene_304_decease	108	95	114	83	123	123	85	93	110	81	99	134	117	112	107	111	124	126	108	118	136	115	124	100	96	88	94	134	106	100	121	120	144	112	115	108	124	100	117	107	100	95	104	108	110	113	109	114	116	122
gene_305_decease	103	114	111	95	123	113	99	111	118	108	112	121	110	122	119	119	99	133	97	118	128	123	101	115	119	118	96	104	116	102	114	111	105	134	119	103	124	101	118	114	119	100	108	103	116	123	121	129	97	121
gene_306	112	91	98	99	89	92	101	122	96	109	117	102	94	96	118	112	102	106	102	95	104	105	111	101	95	95	108	97	102	110	119	92	108	90	107	97	111	92	99	87	108	106	97	96	99	107	102	105	91	98
gene_307	103	82	89	109	102	116	101	104	117	107	103	104	94	102	96	99	112	86	107	108	109	96	91	93	98	103	104	102	117	109	117	108	96	104	103	103	106	93	82	113	129	99	84	99	103	107	93	111	111	93
gene_308_decease	108	83	98	113	109	121	109	112	102	91	97	107	103	118	105	132	106	115	112	133	122	119	123	107	98	108	91	90	136	96	120	85	131	127	110	107	111	107	118	118	108	124	105	96	122	120	118	130	113	122
gene_309_decease	108	104	108	96	118	99	110	82	105	94	90	118	114	110	119	125	88	119	94	120	122	111	127	120	96	85	94	121	105	90	107	100	121	119	122	104	108	91	142	120	87	100	116	107	113	126	107	115	130	134
gene_310	112	108	103	91	108	98	115	104	96	111	129	121	98	105	93	103	103	105	94	98	112	102	114	99	108	110	102	118	111	105	114	110	117	83	97	101	96	90	99	86	106	103	91	99	103	106	119	103	100	94
gene_311	85	95	98	102	107	106	122	101	82	94	112	114	107	96	92	103	80	96	84	98	93	103	114	88	93	80	95	91	90	112	88	103	93	101	108	115	100	86	122	111	103	86	98	109	87	97	118	101	107	98
gene_312	112	96	100	91	101	104	90	88	100	108	111	103	117	90	108	122	105	99	99	102	97	119	117	105	106	89	105	116	103	95	108	124	101	109	88	115	102	93	90	100	110	98	121	100	98	101	98	115	96	96
gene_313	96	96	85	88	105	93	109	86	107	106	93	129	112	100	99	89	105	95	104	105	114	101	125	93	94	98	116	93	97	119	106	107	100	110	110	92	114	107	92	113	123	82	109	99	102	112	108	106	110	110
gene_314_decease	115	86	102	100	122	118	102	114	101	89	101	118	90	99	121	136	104	119	105	122	144	115	114	89	85	108	91	116	108	113	127	116	110	107	108	106	128	95	114	128	103	94	109	105	120	104	132	99	111	110
gene_315_decease	108	98	109	116	115	136	104	98	114	108	118	131	103	121	106	125	127	120	95	113	124	119	129	87	86	114	99	96	107	124	136	102	119	132	113	89	131	95	99	107	108	94	103	116	113	120	107	125	118	136
gene_316	91	107	98	99	98	104	93	100	92	115	95	95	109	101	116	115	94	102	117	97	124	118	90	91	96	96	114	119	101	93	93	97	105	91	93	112	100	104	89	113	99	94	97	95	104	96	103	111	97	96
gene_317_decease	96	95	100	103	111	121	103	94	100	101	110	104	101	108	120	121	115	100	98	129	117	121	128	101	104	102	125	117	102	107	97	105	117	119	117	81	112	104	141	102	102	100	96	117	104	104	112	98	98	112
gene_318	90	99	95	93	92	107	98	118	94	114	91	106	87	100	103	113	112	103	99	92	114	101	106	94	104	111	104	103	93	101	108	93	99	80	111	95	115	121	109	117	96	87	102	107	118	125	110	103	98	109
gene_319	103	99	96	104	96	86	126	105	91	111	102	97	104	102	86	116	118	80	101	90	103	104	90	103	98	98	103	104	97	103	101	121	108	100	94	100	114	111	112	113	117	97	93	107	110	106	99	120	86	107
gene_320	104	116	100	101	99	112	106	111	97	120	124	104	99	97	107	94	100	90	107	80	104	99	113	84	109	100	107	94	105	112	114	109	117	102	94	104	103	92	112	116	107	99	123	91	109	109	115	103	119	104
gene_321	113	106	98	106	124	90	91	113	121	118	106	106	91	95	103	106	109	93	112	100	91	100	99	95	87	112	103	102	106	112	112	102	91	94	87	92	107	92	94	99	118	107	101	104	109	101	115	95	100	106
gene_322_decease	91	109	92	88	114	109	89	94	102	102	115	134	98	112	141	122	102	120	108	103	130	126	115	86	107	90	93	108	105	101	113	104	119	121	112	100	131	106	107	118	106	95	105	84	120	107	127	116	103	126
gene_323	108	109	116	100	99	88	107	111	107	121	105	104	106	102	94	98	100	103	94	95	82	109	116	106	90	98	119	112	89	107	108	101	95	125	104	97	109	114	100	96	103	93	103	107	100	115	87	118	103	100
gene_324_decease	112	109	120	97	113	125	88	99	110	122	120	126	114	112	131	124	99	98	104	104	97	135	116	104	110	92	87	99	113	102	121	117	108	119	128	100	118	100	125	120	103	121	114	87	101	124	119	115	119	115
gene_325	113	104	121	95	101	105	98	89	101	113	84	85	106	114	84	98	92	109	102	100	105	93	102	124	109	87	95	101	99	100	96	103	110	109	76	114	108	104	89	109	101	92	113	102	86	108	107	98	108	82
gene_326	103	94	106	109	105	94	120	91	102	109	109	113	88	104	92	102	102	78	97	102	119	108	102	95	81	110	92	102	100	108	107	96	108	109	88	107	117	101	107	91	105	97	101	96	106	105	110	138	96	98
gene_327	110	118	92	91	117	111	90	103	93	110	87	96	102	99	99	90	99	104	86	108	98	107	102	107	108	99	125	120	99	89	89	107	102	109	84	102	96	116	92	92	122	97	116	102	107	87	98	113	106	99
gene_328	107	125	95	104	110	98	98	116	97	112	105	89	99	99	91	109	87	96	86	106	109	129	105	106	97	94	110	120	123	86	98	106	119	106	90	104	127	100	88	116	104	112	109	93	94	110	109	94	94	106
gene_329_decease	85	102	96	77	114	134	109	102	97	109	107	106	105	122	131	113	98	97	108	116	129	112	118	98	95	95	101	103	119	106	146	111	109	138	120	103	109	99	126	106	114	96	107	93	125	120	114	134	115	115
gene_330_decease	124	100	107	96	112	112	103	122	103	98	84	118	107	113	115	113	109	132	106	115	100	129	123	90	104	91	112	117	118	94	125	86	127	118	126	118	121	93	111	109	85	95	105	96	125	107	103	105	111	113
gene_331	125	95	95	82	89	113	124	109	80	94	95	114	104	91	112	110	93	101	100	121	113	101	101	99	107	86	103	95	104	89	114	100	117	105	87	115	92	78	114	103	109	96	90	111	104	105	90	99	84	82
gene_332	98	96	107	107	102	109	103	104	115	92	83	82	99	92	100	90	106	104	91	110	96	126	101	96	116	112	105	113	94	101	100	113	105	107	94	101	121	108	96	96	92	102	109	88	84	106	106	107	97	93
gene_333_decease	107	95	101	99	130	124	86	117	100	84	94	116	105	124	104	116	116	112	101	129	116	140	106	90	115	111	88	89	111	90	135	100	123	124	108	97	130	92	106	118	113	86	95	99	110	106	117	133	116	112
gene_334	94	90	112	98	105	91	111	115	104	89	112	94	115	111	112	111	117	94	110	105	97	114	114	83	93	103	110	101	92	103	116	96	101	112	109	90	111	101	104	133	85	98	112	102	109	87	108	93	102	96
gene_335	104	120	92	105	94	114	106	111	110	102	84	99	98	119	99	113	93	96	107	115	102	97	105	108	100	89	109	111	95	110	115	117	101	102	117	102	103	93	98	118	93	119	104	101	114	107	105	113	101	93
gene_336_decease	108	91	98	84	111	121	127	92	117	122	76	114	104	112	132	113	97	122	94	123	112	122	126	110	99	102	82	106	128	96	134	108	127	108	113	100	110	108	129	122	101	106	95	96	131	107	120	116	103	111
gene_337	104	108	100	113	99	117	117	115	96	116	113	113	90	99	95	113	119	112	105	95	99	107	104	94	82	98	94	107	112	91	116	115	103	103	90	104	104	94	124	103	98	98	101	91	101	109	113	103	91	105
gene_338	110	93	127	83	97	110	110	110	120	115	112	108	118	103	110	97	111	95	102	90	93	97	81	117	113	111	93	98	103	94	105	95	110	124	99	113	99	139	96	92	85	91	113	112	95	95	106	116	89	102
gene_339	107	111	108	100	120	81	117	91	87	108	98	106	97	111	115	107	95	92	95	113	114	110	98	110	114	90	83	97	113	99	103	134	126	88	97	112	103	110	104	93	111	105	122	112	104	126	109	104	110	103
gene_340	92	100	111	100	92	108	98	104	94	115	117	95	118	106	116	119	99	87	111	105	107	136	96	99	92	110	97	126	88	89	111	115	82	114	100	106	107	97	82	114	93	95	96	92	100	103	95	110	100	94
gene_341_decease	100	86	93	101	120	124	99	111	112	109	98	108	121	112	115	113	105	124	102	137	120	116	109	106	92	99	92	91	94	105	112	111	122	120	110	105	128	97	111	115	107	109	90	90	125	116	137	112	135	111
gene_342_decease	103	120	115	103	119	125	110	106	117	112	103	126	103	97	120	128	102	115	109	96	128	107	112	102	93	95	104	108	124	95	107	104	105	108	130	115	116	104	118	114	94	94	110	106	103	123	101	129	128	126
gene_343	96	105	97	103	82	101	91	105	99	101	95	98	100	102	98	99	102	109	103	103	108	94	102	99	110	99	89	100	117	91	82	109	110	106	99	90	109	79	117	95	84	94	110	93	103	102	100	89	107	114
gene_344	105	109	119	94	109	109	107	111	86	96	90	93	89	113	113	101	103	99	105	103	113	125	110	92	109	97	96	112	95	101	102	101	117	80	102	130	106	99	113	112	78	84	102	84	100	107	117	112	113	100
gene_345	117	112	102	91	105	112	101	122	90	104	104	88	94	92	109	93	105	89	107	105	79	102	114	111	86	107	90	92	91	86	138	112	108	98	101	114	102	102	89	96	117	94	89	90	114	97	101	95	107	100
gene_346	108	89	102	96	91	111	112	112	109	98	105	102	98	111	106	93	109	96	100	95	102	87	96	107	115	117	102	112	90	97	125	97	97	101	102	107	122	115	98	102	101	112	95	95	110	99	105	109	94	99
gene_347_decease	97	87	89	117	114	108	96	117	115	95	77	119	101	112	130	125	100	113	107	113	108	125	107	105	110	120	92	116	127	96	121	106	122	108	112	113	122	102	123	124	97	85	98	100	98	109	120	130	114	113
gene_348	106	120	100	89	114	117	120	99	118	96	92	87	105	98	93	101	105	101	119	96	103	116	79	99	109	98	84	98	90	108	117	100	109	97	91	107	114	104	112	109	93	122	107	107	96	97	98	100	93	102
gene_349	98	99	94	97	90	100	103	91	99	104	105	116	100	104	93	99	91	108	102	103	87	91	98	91	93	115	98	122	97	121	104	94	94	132	101	104	101	107	93	116	114	107	102	95	102	102	110	114	85	94
gene_350	113	107	100	88	103	94	103	92	114	100	92	105	113	111	102	110	114	110	105	90	92	102	93	96	124	109	94	95	95	112	89	105	98	101	101	102	103	89	86	102	99	88	99	111	91	93	100	92	106	108
gene_351	78	100	129	95	110	110	100	116	116	99	98	91	110	103	107	96	114	116	116	107	94	94	101	99	109	91	119	106	104	99	114	100	102	111	109	105	107	104	111	99	90	93	108	104	98	112	97	102	97	83
gene_352	80	106	106	100	118	130	87	102	109	90	99	94	93	89	119	112	113	87	80	115	116	96	101	97	111	104	113	102	91	84	102	93	94	123	95	94	95	102	108	108	107	93	98	87	100	122	107	113	104	107
gene_353	90	89	115	107	113	104	89	78	105	88	107	115	112	92	86	106	98	96	116	102	110	95	108	116	89	115	125	119	111	91	88	88	93	90	95	105	94	95	103	99	110	100	104	89	112	99	101	107	106	131
gene_354_decease	94	101	91	96	118	125	106	106	113	95	91	99	99	117	125	111	112	120	118	113	122	98	109	101	95	104	82	99	122	96	112	122	111	120	102	97	132	108	109	114	98	99	109	108	108	126	103	134	114	111
gene_355_decease	98	123	103	93	126	115	81	120	102	96	94	116	111	115	100	129	123	120	97	124	107	108	126	113	100	104	89	118	108	95	103	97	109	118	120	110	114	104	106	108	88	96	107	104	91	118	109	139	104	116
gene_356	101	88	110	108	91	107	107	121	97	106	96	110	105	114	105	95	111	114	96	86	103	108	106	79	82	103	118	95	94	104	113	97	113	84	93	96	103	96	106	109	114	106	91	112	92	86	111	122	107	107
gene_357	118	104	81	97	84	108	101	104	118	114	106	113	96	102	86	85	114	114	105	85	111	98	92	100	112	82	100	76	108	92	111	108	94	102	88	93	108	107	104	108	103	112	114	122	84	86	122	94	108	112
gene_358_decease	109	115	91	84	107	130	107	102	109	98	106	115	104	104	111	134	115	104	115	119	127	129	97	118	102	104	104	115	105	83	130	103	109	130	115	114	122	83	133	115	112	88	107	111	111	112	113	128	133	100
gene_359	111	112	95	116	103	118	108	109	112	110	87	126	113	91	104	107	91	115	98	101	116	108	102	97	95	88	98	99	87	97	106	96	106	107	110	99	106	110	100	99	120	106	103	101	101	98	105	122	93	90
gene_360_decease	102	105	96	106	109	109	104	102	116	96	95	102	102	109	107	122	104	95	110	116	132	128	126	115	107	91	104	96	119	116	120	95	114	105	116	105	137	100	114	133	92	108	97	109	115	130	114	121	98	120
gene_361_decease	122	109	95	105	109	114	97	97	94	109	93	97	89	113	121	118	108	109	91	113	110	132	129	105	109	119	73	92	114	105	129	122	130	118	110	112	122	89	119	116	94	98	97	90	121	137	118	114	115	133
gene_362	100	112	104	103	90	105	99	98	109	93	97	99	109	116	98	106	96	99	106	84	122	106	102	90	94	114	93	83	102	94	99	112	90	109	109	114	114	109	87	100	100	105	112	99	102	102	100	122	99	99
gene_363	106	97	127	105	92	113	92	118	126	117	80	111	110	87	100	106	113	103	98	111	93	106	78	77	96	102	95	100	112	108	106	95	96	104	110	103	112	96	119	108	98	108	116	89	106	95	97	104	105	95
gene_364	103	101	100	101	93	90	93	99	110	109	94	99	95	99	94	105	96	89	113	114	88	103	99	83	101	112	108	102	110	118	104	97	127	85	91	103	98	101	78	107	106	108	104	125	83	111	110	101	95	100
gene_365	111	107	104	104	101	101	90	112	109	87	115	91	99	119	114	98	95	82	113	109	88	101	108	96	88	96	108	95	106	103	92	114	91	87	111	101	120	116	97	94	117	101	106	92	94	101	102	103	98	89
gene_366	103	110	90	106	97	106	114	89	114	119	97	116	94	102	116	94	102	101	100	113	103	82	105	87	116	106	112	122	101	98	92	98	127	100	97	102	117	114	117	94	107	77	116	109	102	95	95	118	98	85
gene_367_decease	98	81	95	101	111	121	99	91	111	110	108	116	115	97	120	124	108	111	103	100	129	119	124	101	102	104	100	110	113	91	126	103	120	137	111	81	116	96	114	117	100	110	83	89	116	120	126	117	109	106
gene_368_decease	90	105	93	85	116	103	107	116	123	100	122	118	97	92	134	101	100	106	83	126	111	136	121	84	98	93	109	120	117	105	127	114	112	119	122	104	119	109	122	105	107	100	100	96	105	136	99	123	120	129
gene_369	99	107	112	110	95	126	101	102	108	99	102	108	105	92	86	89	106	93	104	124	101	117	96	104	101	107	118	109	85	105	102	102	120	92	104	92	112	96	84	113	109	88	96	121	103	109	106	106	91	108
gene_370	102	98	76	100	102	99	87	92	95	105	100	106	92	88	98	94	93	99	95	100	89	89	99	95	74	95	107	108	109	104	84	109	115	99	94	100	109	102	106	92	97	110	93	105	93	107	104	111	114	101
gene_371_decease	100	116	110	112	88	125	112	113	103	106	101	126	115	117	126	103	123	105	96	125	123	116	112	106	87	103	92	107	141	95	119	92	134	146	115	102	127	118	133	123	108	109	111	104	112	113	104	106	112	122
gene_372	107	102	88	99	100	125	116	100	113	97	90	100	107	103	103	111	118	73	116	99	113	127	107	96	99	121	108	98	98	111	89	99	122	113	86	106	101	88	108	104	95	118	91	108	103	101	99	96	102	127
gene_373	103	105	114	113	95	120	110	104	98	103	91	99	104	102	112	113	99	97	110	104	92	110	111	93	95	93	98	113	106	103	108	106	98	94	102	99	93	100	88	95	96	88	104	86	84	114	104	79	119	89
gene_374_decease	125	105	102	106	120	123	101	102	104	103	116	118	97	122	129	124	117	129	95	117	115	130	128	96	96	103	112	100	132	99	111	124	127	125	107	110	119	96	131	126	116	101	89	105	113	116	107	117	122	110
gene_375	106	108	107	89	101	103	104	90	96	97	97	95	113	99	97	91	105	96	101	101	88	109	91	89	107	103	113	80	100	100	125	95	98	93	97	121	98	117	102	92	98	98	119	106	105	105	94	117	85	108
gene_376_decease	108	108	115	100	106	107	104	104	110	104	90	107	92	123	128	119	115	116	115	111	114	125	117	101	105	106	91	109	110	107	111	103	109	108	133	94	103	92	122	115	93	102	100	118	111	105	108	121	134	103
gene_377_decease	111	109	100	88	139	121	96	104	97	111	101	118	105	107	130	106	104	145	107	119	117	135	105	106	129	104	104	98	115	103	105	99	126	114	107	110	127	106	102	114	98	101	102	104	118	119	126	112	97	106
gene_378_decease	105	90	96	92	98	131	116	112	95	131	96	120	106	133	117	133	94	115	102	120	120	129	116	93	107	109	91	110	116	104	128	98	105	117	125	103	122	118	124	107	102	105	102	112	112	110	133	135	108	121
gene_379	121	98	99	101	96	113	99	106	95	107	108	100	107	110	101	97	90	91	95	99	101	96	99	97	94	105	100	109	103	93	107	121	97	106	99	100	110	115	107	102	94	106	115	114	103	109	98	109	96	92
gene_380	100	115	104	111	111	118	111	81	106	92	98	103	94	84	116	95	99	116	115	90	89	111	94	101	112	99	117	107	93	88	93	100	105	87	85	100	135	102	96	116	103	103	114	101	102	103	94	113	86	107
gene_381_decease	102	107	98	108	116	135	112	121	87	106	114	132	113	109	108	120	110	112	90	123	115	128	109	92	117	94	86	96	128	123	110	108	132	126	119	114	115	103	130	123	87	115	104	95	123	105	126	109	102	95
gene_382_decease	115	96	90	103	116	123	97	98	104	108	91	115	99	121	110	131	100	106	94	117	104	126	115	71	97	103	97	109	134	118	113	105	123	133	112	97	120	107	126	110	99	103	100	117	119	109	111	142	116	115
gene_383	92	114	114	98	94	107	105	83	110	117	94	104	113	93	113	108	99	87	95	98	98	111	108	101	104	94	96	96	93	107	107	126	112	100	118	95	111	98	110	87	112	84	98	102	95	102	107	112	89	102
gene_384	101	101	121	97	108	120	107	92	92	105	97	106	95	99	104	98	108	109	112	96	96	99	105	95	107	95	115	100	91	104	91	102	102	103	109	97	103	96	87	98	106	100	103	107	88	119	111	112	96	108
gene_385_decease	114	108	91	91	101	126	88	101	118	103	107	122	92	122	107	99	98	125	100	123	118	123	102	102	88	100	96	113	115	102	130	111	121	131	124	104	116	92	110	109	118	115	129	103	98	127	113	131	123	106
gene_386_decease	101	106	120	106	120	115	104	89	120	114	102	115	113	103	120	122	111	108	90	109	110	130	108	100	112	89	95	113	107	91	123	121	127	128	110	114	117	105	126	129	108	94	114	104	116	107	114	123	119	123
gene_387_decease	97	113	107	112	115	122	96	118	94	108	101	108	105	110	119	108	98	117	96	126	130	132	117	88	106	114	107	119	114	90	106	97	118	107	114	102	132	100	116	112	103	92	114	113	100	102	108	99	117	116
gene_388	109	120	100	80	104	105	103	115	118	103	99	94	110	86	101	92	106	103	100	105	108	119	108	110	114	113	97	105	106	86	120	90	114	107	87	106	105	97	96	101	97	100	114	104	104	111	88	92	85	91
gene_389	116	94	108	75	88	101	98	101	111	105	98	109	98	97	84	110	103	113	102	106	100	101	102	96	87	112	111	105	101	84	89	95	88	106	110	99	90	126	100	102	113	94	104	114	96	112	114	94	115	90
gene_390	95	111	106	100	92	91	96	110	100	96	114	112	102	98	101	93	111	109	123	108	107	110	112	105	111	109	121	114	108	110	93	107	108	112	103	95	99	97	112	95	115	105	107	110	116	90	116	122	110	102
gene_391	103	93	95	105	93	93	105	121	112	106	106	112	108	114	114	86	120	109	92	91	99	108	111	103	115	95	99	112	92	103	116	101	107	106	110	101	124	86	120	110	97	101	96	117	102	112	105	94	105	92
gene_392	101	116	114	113	91	114	103	88	107	102	92	118	87	105	106	112	112	105	106	101	95	104	116	120	98	90	100	111	111	90	104	114	103	87	106	105	93	95	96	118	107	119	107	94	102	95	99	111	92	85
gene_393	97	108	96	101	101	107	108	104	110	122	113	100	96	105	106	106	111	98	105	99	116	96	123	72	103	84	106	92	113	93	100	109	115	83	106	106	98	108	104	99	99	91	107	97	109	86	96	97	94	98
gene_394_decease	81	99	95	97	98	128	105	113	93	110	99	118	112	110	105	123	116	124	113	123	121	109	105	73	91	97	98	107	128	103	143	109	118	119	129	103	131	78	126	110	106	90	121	110	112	115	104	107	110	108
gene_395	116	103	97	92	104	118	109	103	99	108	93	97	114	95	102	117	118	96	86	98	104	102	97	92	105	98	106	110	110	101	112	104	96	119	86	93	100	84	117	99	87	95	104	106	85	103	127	102	114	109
gene_396	86	103	103	93	97	100	125	100	129	115	102	106	102	103	90	99	96	120	92	90	110	112	123	104	90	98	112	98	99	99	116	122	93	113	95	116	118	104	125	97	101	103	119	86	96	109	106	103	91	98
gene_397	109	96	116	78	104	100	100	97	129	122	112	111	114	96	104	101	99	95	100	111	107	116	102	89	115	113	98	115	99	100	105	116	100	95	93	102	131	102	101	102	98	108	101	112	109	121	108	105	90	106
gene_398	100	94	95	109	110	104	102	99	89	103	115	93	109	93	102	108	98	112	96	117	95	90	97	106	96	102	100	99	99	96	99	98	102	99	92	104	112	107	88	75	94	95	103	113	95	108	90	83	103	116
gene_399	107	106	101	98	104	112	113	98	100	102	101	95	108	102	106	92	117	108	95	102	107	109	107	130	122	99	122	93	88	76	122	114	97	109	112	106	120	94	91	102	107	96	100	101	97	106	100	97	104	89
gene_400	98	100	106	104	105	84	122	93	114	120	93	93	103	105	100	95	114	92	94	106	107	101	93	94	76	104	80	101	102	88	99	121	103	82	128	106	101	113	103	92	108	118	101	96	100	108	121	116	95	109
gene_401_decease	92	100	81	104	119	136	98	86	112	94	122	128	127	115	109	121	117	126	125	139	131	117	111	98	87	112	104	105	116	97	118	84	124	123	113	123	114	95	138	113	85	89	105	122	128	115	125	115	117	116
gene_402	112	102	103	88	115	108	106	97	103	108	94	111	119	104	118	79	101	105	122	103	87	103	94	89	101	94	92	96	99	77	97	112	103	88	102	121	103	96	107	99	109	103	111	106	94	108	93	98	109	91
gene_403	109	101	90	118	108	88	98	108	113	119	111	117	114	82	123	106	104	104	94	90	103	120	97	91	97	124	105	97	100	103	106	111	104	101	104	112	127	98	102	113	94	86	115	91	104	107	101	104	103	97
gene_404	97	90	100	108	103	115	97	112	92	118	98	106	92	98	103	105	98	102	122	113	104	111	103	104	102	105	123	107	100	105	115	99	89	93	105	99	98	105	113	103	99	90	114	99	101	87	97	114	102	89
gene_405	96	94	97	109	92	100	110	115	91	106	99	112	109	107	122	111	116	102	113	99	86	116	103	98	89	99	114	96	84	122	99	100	105	101	89	101	106	86	108	108	93	103	120	106	99	88	115	103	103	94
gene_406_decease	118	120	99	94	125	129	109	101	94	84	107	122	132	115	118	103	87	109	109	127	105	118	133	130	95	107	91	103	121	87	110	108	115	114	110	122	120	111	111	117	116	109	123	117	129	103	110	122	109	110
gene_407_decease	103	106	81	118	133	102	110	95	95	116	112	113	96	122	105	125	111	116	85	117	127	114	97	100	104	112	109	95	118	100	126	103	127	130	126	103	119	88	122	115	95	103	103	98	112	125	122	133	101	134
gene_408	102	94	100	84	110	100	100	107	117	97	108	118	95	86	108	96	121	121	98	109	95	97	106	100	105	108	110	104	90	94	124	113	110	107	93	115	107	93	84	104	108	95	117	94	110	97	124	101	91	95
gene_409	97	100	118	93	108	100	88	95	88	109	102	104	97	98	111	115	84	99	99	87	98	99	110	112	107	107	97	106	83	86	95	80	96	101	112	130	104	118	94	117	93	89	90	127	117	111	115	115	102	86
gene_410	89	91	95	100	110	92	94	99	103	110	103	104	100	107	127	91	106	104	98	104	95	112	88	116	105	99	113	101	121	101	98	115	95	96	101	92	115	91	135	112	124	91	101	90	98	99	85	88	95	114
gene_411	117	92	104	87	104	90	110	101	106	107	98	107	107	97	92	104	102	92	78	86	102	116	106	96	114	120	110	101	107	92	102	104	104	116	102	107	98	91	98	102	99	95	113	106	107	109	115	120	93	87
gene_412	107	104	100	85	94	108	101	97	94	121	100	111	110	117	104	112	100	100	114	94	102	95	100	103	84	111	99	102	92	107	86	115	103	96	109	97	101	106	96	120	105	102	99	108	104	92	115	98	77	87
gene_413	89	95	95	106	114	95	103	103	107	99	96	92	90	113	115	118	98	104	102	92	124	107	107	103	93	107	116	115	97	99	94	95	105	89	99	95	113	113	92	115	104	109	107	95	101	107	94	116	80	99
gene_414	99	101	100	106	101	92	101	103	95	96	110	91	99	92	113	95	120	102	81	110	83	111	92	114	86	104	104	104	107	106	110	113	109	111	94	98	98	112	116	107	87	109	100	101	108	113	103	100	97	84
gene_415_decease	109	100	103	93	106	137	118	97	97	93	108	114	101	119	111	129	95	117	109	121	95	104	119	107	97	89	99	87	108	98	124	112	132	115	129	100	120	92	122	117	114	104	111	97	124	128	104	146	116	103
gene_416_decease	98	112	101	104	115	128	96	106	104	106	99	132	108	112	111	127	114	118	101	111	103	135	106	84	108	83	100	114	123	90	128	111	106	114	113	110	115	95	117	108	103	96	103	110	119	114	106	115	116	110
gene_417	120	98	107	93	96	98	92	112	102	105	87	104	107	102	100	105	112	87	103	92	119	106	121	113	105	106	93	105	93	115	110	106	82	108	112	93	96	108	106	99	119	100	91	104	107	115	81	86	113	110
gene_418	98	81	117	106	86	113	100	102	99	101	99	105	112	103	126	90	104	100	107	96	114	95	84	95	108	104	100	107	105	97	101	112	108	110	95	120	87	103	123	107	109	96	109	107	107	103	96	123	86	87
gene_419	125	108	86	103	112	95	90	97	105	111	110	101	105	100	87	94	116	90	102	97	105	107	115	99	86	83	116	120	108	122	96	124	110	96	87	91	98	98	101	113	84	101	115	97	112	90	93	108	92	97
gene_420_decease	108	105	93	106	112	103	100	106	96	98	97	121	103	108	126	105	102	98	96	110	133	117	113	92	99	94	102	112	128	95	113	104	121	123	113	102	107	91	113	118	115	104	110	118	112	115	114	113	103	97
gene_421	112	110	106	114	85	104	100	113	107	97	109	101	119	105	104	98	114	106	106	85	116	115	91	105	107	87	109	94	91	124	93	118	123	101	103	100	116	102	90	118	104	97	110	115	94	101	111	109	107	99
gene_422	97	105	83	115	103	101	99	115	116	88	90	98	84	101	94	86	98	106	108	104	107	89	104	101	104	106	91	95	88	102	85	102	86	91	98	93	82	107	88	117	112	118	103	100	88	92	105	118	105	110
gene_423_decease	105	88	104	106	118	116	112	110	95	98	108	124	121	136	108	96	93	118	97	129	114	122	110	99	92	98	97	114	115	95	102	98	121	138	121	95	133	96	121	104	101	104	114	103	110	111	117	92	114	112
gene_424_decease	100	104	96	99	134	119	98	98	100	104	102	109	120	125	120	127	97	111	105	113	129	129	130	108	94	106	79	103	127	119	103	80	130	121	122	94	139	82	107	126	108	109	117	109	96	114	104	126	97	122
gene_425	94	111	95	104	93	98	94	94	104	100	107	110	97	114	102	131	107	89	107	110	100	116	103	102	77	96	104	84	109	100	106	109	110	98	87	111	118	113	82	108	99	97	114	112	109	98	105	95	94	111
gene_426	98	110	112	121	99	118	104	96	88	94	92	110	90	106	100	84	106	90	117	94	100	111	87	104	102	82	119	114	95	100	100	130	102	112	94	93	104	86	115	108	87	100	112	101	86	103	106	99	107	93
gene_427	116	109	103	100	112	104	108	110	90	105	99	110	84	93	107	104	105	109	103	86	103	99	113	122	103	106	95	96	117	94	113	109	113	83	104	98	105	102	100	100	87	93	96	118	107	95	118	98	93	111
gene_428_decease	100	102	110	93	109	107	110	90	119	100	99	119	120	106	114	109	106	119	107	110	110	116	125	100	100	115	103	93	112	94	113	105	126	118	113	98	133	95	129	134	106	99	106	94	107	126	98	134	115	113
gene_429	102	127	88	114	103	112	98	81	117	94	104	105	93	101	113	103	100	87	95	98	85	93	112	91	108	113	97	103	95	92	107	104	95	115	114	88	123	84	95	106	102	96	94	101	100	100	117	99	110	110
gene_430	94	91	121	95	108	98	96	89	117	94	111	112	98	98	96	117	90	80	93	116	106	101	105	87	105	96	105	102	100	101	105	113	100	105	106	101	103	112	91	113	91	95	91	128	92	116	94	115	114	109
gene_431_decease	96	100	79	114	102	131	117	114	90	102	111	120	98	109	104	117	94	120	112	125	128	116	120	94	100	94	97	101	115	99	120	85	126	117	121	120	104	96	108	131	108	106	116	129	112	117	113	127	108	125
gene_432	127	102	82	91	115	90	105	106	119	105	110	110	117	99	126	112	104	99	98	109	98	103	106	107	105	113	89	112	88	113	91	104	92	100	95	120	102	105	104	119	101	105	114	95	109	108	101	116	89	82
gene_433	121	97	96	100	104	87	98	105	93	114	126	87	117	96	106	105	96	86	101	91	90	106	114	103	94	98	89	105	104	110	114	128	108	110	91	103	108	97	112	100	94	125	102	102	95	111	79	108	81	106
gene_434	102	110	107	78	93	114	101	103	99	116	96	97	118	104	111	99	122	85	98	102	87	90	115	105	104	97	95	103	99	77	98	97	97	114	95	105	95	84	105	104	82	103	106	102	93	120	109	88	115	99
gene_435_decease	73	106	115	115	117	118	107	100	82	115	98	132	90	124	123	105	104	117	96	122	133	114	117	100	97	96	96	98	137	91	121	104	126	122	102	107	139	84	113	112	111	100	107	99	126	116	114	116	109	135
gene_436	106	106	95	105	89	109	114	98	101	99	111	116	98	89	138	99	110	95	107	102	91	129	113	103	130	118	98	83	105	108	100	103	102	98	98	119	98	83	99	110	98	103	98	111	80	101	93	88	121	108
gene_437	110	124	116	89	98	99	93	104	103	102	120	108	108	92	106	104	102	87	90	91	119	107	101	112	90	95	108	102	109	104	83	98	107	105	84	106	96	102	110	96	83	85	101	109	95	80	94	115	114	105
gene_438_decease	92	97	110	102	137	128	91	114	100	102	106	118	114	124	123	101	103	118	109	131	103	125	130	101	118	93	114	92	132	103	114	102	121	123	115	86	117	110	121	140	101	101	98	111	120	109	126	136	123	110
gene_439	104	95	103	110	98	103	99	100	94	116	86	77	113	120	106	106	112	93	91	88	101	106	103	93	102	125	80	89	107	104	83	105	114	106	106	106	79	95	99	87	73	94	100	109	101	113	90	98	113	106
gene_440	83	79	106	90	82	112	115	108	91	120	99	112	112	103	119	88	114	105	110	112	108	101	102	106	103	100	95	104	93	93	114	92	109	120	88	104	99	104	85	95	90	99	90	97	103	98	106	99	97	112
gene_441_decease	99	103	110	104	113	115	102	86	96	91	106	110	117	116	110	108	126	104	85	118	121	113	97	95	106	94	113	100	106	93	105	105	134	99	115	118	110	90	119	103	105	106	100	108	111	133	107	117	118	117
gene_442	90	91	110	115	109	116	93	106	102	98	86	112	115	96	109	87	117	98	93	96	122	111	103	88	99	100	119	97	118	113	122	103	93	103	113	105	94	108	118	94	104	92	94	99	103	104	86	102	101	112
gene_443	92	107	106	110	129	104	104	108	107	107	100	98	105	91	99	93	95	101	105	104	100	101	103	95	101	99	107	110	93	102	114	81	105	87	99	93	100	95	96	90	92	86	101	95	111	100	123	110	116	110
gene_444_decease	110	87	98	125	129	131	86	102	110	107	108	107	93	118	113	108	97	122	102	130	110	147	111	102	104	109	103	109	119	93	122	90	113	116	104	97	114	87	97	112	98	105	90	89	106	122	107	119	121	112
gene_445_decease	87	92	93	81	117	150	98	101	94	115	102	120	103	118	120	116	88	119	110	117	117	146	113	92	92	107	103	109	110	115	98	117	114	109	120	100	113	99	111	118	104	99	108	106	116	107	121	104	123	122
gene_446_decease	104	76	97	98	118	116	124	108	104	105	113	111	99	119	129	109	104	103	115	132	127	130	100	116	117	111	100	107	126	87	131	97	103	114	125	94	116	93	121	126	98	105	82	93	128	130	121	133	124	124
gene_447	109	89	99	102	75	139	95	95	90	116	102	109	103	103	113	81	100	106	105	95	105	109	98	119	102	102	113	107	98	108	109	98	118	110	103	96	105	111	115	113	101	97	106	111	95	114	89	120	94	116
gene_448	102	95	102	102	84	109	127	92	105	122	85	87	120	101	91	103	90	93	99	75	115	99	119	100	102	112	104	106	92	97	92	98	108	116	118	107	98	96	111	119	103	83	93	101	97	105	110	116	104	118
gene_449	110	96	104	89	98	86	112	108	112	96	121	109	111	102	102	99	88	91	87	102	97	108	91	96	97	94	92	102	99	105	76	110	126	104	122	101	120	109	111	115	110	108	120	101	98	89	94	107	99	88
gene_450	108	99	115	95	105	117	93	110	82	119	98	109	118	117	107	101	94	104	103	102	106	101	115	85	103	93	103	99	85	104	101	99	105	109	86	108	96	96	107	114	106	84	85	96	121	108	99	101	112	100
gene_451	93	111	96	96	99	116	83	96	96	102	113	107	98	103	103	104	97	98	109	101	107	101	102	111	80	108	77	85	89	105	108	132	111	103	106	106	103	91	101	81	112	99	104	100	83	99	102	106	102	101
gene_452	100	97	96	106	102	85	99	102	95	90	103	116	93	115	95	108	108	98	116	98	108	111	106	99	104	102	120	100	89	94	114	97	99	97	106	96	90	98	101	112	118	103	126	105	105	102	102	113	110	115
gene_453	107	87	118	92	88	121	87	100	101	118	103	104	105	114	111	82	115	69	86	104	97	118	104	105	108	90	106	107	94	79	96	113	109	110	119	109	119	98	91	105	118	96	103	97	121	103	89	103	85	119
gene_454	107	111	101	98	114	87	98	103	102	121	90	103	101	97	118	110	111	101	103	90	84	105	108	108	108	103	74	98	110	100	88	97	97	104	99	100	112	84	108	94	85	98	109	113	94	122	115	115	86	100
gene_455_decease	123	103	106	108	131	89	88	76	82	128	100	124	100	124	110	116	87	130	102	118	107	116	120	109	113	110	90	94	114	100	118	97	109	119	121	110	122	96	113	102	86	114	88	103	110	111	120	130	122	120
gene_456	110	103	90	102	105	100	105	101	95	117	99	102	100	109	117	102	98	109	91	100	100	93	86	85	127	116	100	107	91	91	95	122	96	109	122	110	89	123	106	98	96	99	104	97	101	90	114	106	100	105
gene_457	99	117	104	108	98	98	91	108	98	98	91	111	119	95	115	101	100	96	109	101	114	84	88	113	97	95	100	107	81	101	111	92	108	98	104	99	122	117	111	102	99	93	117	89	103	128	116	82	106	99
gene_458_decease	115	99	100	104	132	114	111	106	104	101	106	130	105	111	126	108	98	117	105	120	136	114	111	109	101	93	113	105	113	84	124	101	129	114	104	96	127	88	100	108	93	83	109	107	112	108	123	149	109	115
gene_459	109	106	98	108	87	91	101	90	90	92	101	120	105	96	99	104	106	90	90	84	93	106	115	92	100	106	106	90	103	105	93	110	110	101	107	95	111	84	111	100	95	95	100	104	85	99	98	96	95	108
gene_460	113	98	85	105	105	97	101	112	102	117	115	97	100	123	111	91	97	104	100	102	99	98	97	111	91	109	92	117	110	90	90	112	116	100	111	108	109	97	104	118	89	92	100	104	91	87	114	99	93	95
gene_461	104	105	98	92	121	109	88	113	109	104	93	98	95	110	99	79	87	107	96	102	108	121	105	100	88	95	93	113	96	95	130	113	96	103	93	100	109	98	83	101	100	119	113	110	92	95	98	111	107	104
gene_462	98	113	107	100	110	107	107	115	87	106	101	94	103	102	114	105	98	94	98	104	103	89	102	101	105	79	106	100	101	78	115	110	83	106	101	99	109	113	105	102	107	121	104	96	89	97	96	130	107	92
gene_463	105	105	106	104	104	128	94	103	106	93	111	111	118	79	99	101	129	106	103	88	102	107	96	129	113	96	115	104	93	112	106	90	97	97	101	88	111	97	95	121	108	98	130	97	93	98	122	110	83	89
gene_464_decease	109	106	115	110	104	126	93	90	107	106	86	118	116	122	111	121	100	128	89	110	110	118	103	106	108	99	104	111	133	89	137	115	120	116	122	111	96	94	130	122	110	110	108	97	100	125	121	119	109	116
gene_465	96	99	105	120	105	108	96	108	111	110	91	99	102	90	114	90	96	117	92	107	90	91	118	97	99	104	98	101	112	91	108	97	87	113	116	103	114	111	90	103	133	101	94	121	110	111	106	98	112	110
gene_466	107	92	85	97	100	108	90	97	103	112	96	100	106	107	96	98	104	106	99	94	99	118	89	114	97	104	105	101	97	92	77	104	89	100	94	91	113	107	119	94	99	82	111	102	99	93	101	93	111	118
gene_467	128	99	107	106	102	83	89	107	80	116	113	97	105	102	80	97	100	96	104	94	114	104	97	86	112	92	102	88	90	100	113	87	120	117	92	92	109	113	89	107	110	111	102	113	108	102	99	137	117	111
gene_468	109	105	96	88	91	94	96	81	106	98	94	99	113	103	107	91	112	100	124	97	89	107	101	106	81	99	113	113	99	111	102	95	117	98	95	98	93	97	110	102	100	109	91	110	72	97	110	96	95	86
gene_469	100	94	97	112	93	101	117	115	122	103	98	101	101	100	123	103	121	94	112	113	110	110	104	105	106	97	90	92	99	81	111	126	91	93	106	90	108	85	94	108	120	88	91	89	119	106	109	104	94	114
gene_470_decease	109	105	100	122	112	114	98	106	107	102	93	110	104	107	123	95	107	106	120	117	111	131	119	98	110	108	98	115	99	119	110	94	115	115	111	99	127	126	97	127	87	96	81	97	109	102	119	108	136	122
gene_471	86	95	107	103	110	91	108	96	91	106	103	115	114	91	96	112	104	115	119	102	121	110	101	88	115	113	92	97	99	102	94	122	91	116	108	130	115	112	101	109	105	99	98	94	102	94	104	96	103	103
gene_472_decease	113	107	112	103	123	117	101	99	79	88	105	122	109	123	112	119	116	116	96	110	116	127	96	82	106	109	75	112	132	92	118	121	122	120	115	105	122	112	130	113	80	111	104	107	105	125	109	135	125	129
gene_473	111	83	110	96	109	101	105	129	114	102	115	100	109	119	98	111	110	92	83	107	96	108	103	89	105	95	110	113	110	96	113	112	102	108	119	103	101	103	91	105	113	96	121	97	102	97	97	103	112	88
gene_474_decease	103	107	128	94	98	114	103	93	94	91	126	118	109	116	107	114	100	116	97	107	123	115	116	114	107	99	116	84	111	97	118	100	105	110	107	103	126	100	103	92	97	105	111	79	117	133	118	119	123	99
gene_475_decease	106	119	85	74	112	135	89	98	97	104	98	110	97	114	125	122	108	128	102	113	103	118	111	89	96	120	118	111	104	85	122	113	134	140	111	107	114	113	104	132	119	118	101	107	102	109	121	124	126	108
gene_476_decease	95	97	98	102	105	128	107	112	128	97	94	119	105	115	115	119	108	137	100	123	115	113	116	113	107	90	96	109	132	92	120	121	118	110	111	115	115	102	97	121	101	89	102	98	115	126	111	122	117	107
gene_477	86	93	84	100	116	122	87	98	101	113	97	122	92	114	104	127	95	103	107	114	104	88	111	104	115	114	100	102	88	98	105	111	126	115	95	117	102	95	99	106	104	104	100	115	94	95	92	110	99	105
gene_478_decease	100	98	109	91	109	123	106	99	96	96	103	125	103	133	124	94	116	130	99	112	113	128	112	115	99	103	99	110	122	108	124	101	129	119	117	112	121	102	121	129	100	99	109	98	89	112	116	110	93	97
gene_479_decease	127	103	105	104	123	116	95	108	119	90	120	135	91	103	128	116	87	127	120	131	114	112	129	101	97	102	103	101	107	90	121	97	127	114	147	94	108	115	117	115	95	92	114	100	109	116	132	118	117	118
gene_480_decease	108	97	108	91	96	125	99	90	102	87	98	125	105	104	132	129	115	109	92	119	121	119	90	104	88	111	105	95	106	117	115	104	127	117	124	101	115	120	102	111	77	117	113	108	98	117	118	119	94	105
gene_481	94	103	103	109	111	127	104	101	110	117	89	94	103	100	105	104	118	99	113	95	101	106	109	98	121	105	97	106	113	100	119	90	89	119	92	107	100	95	101	104	113	114	108	86	113	99	103	109	106	102
gene_482	94	117	107	112	105	104	100	103	102	88	95	102	93	108	107	105	97	89	106	100	92	99	112	97	110	90	113	97	106	96	104	127	94	110	95	96	98	114	89	104	94	131	100	111	90	92	116	108	97	84
gene_483	92	118	99	109	91	86	93	123	100	103	110	110	102	128	104	102	101	109	100	88	96	90	112	97	96	97	97	99	88	101	90	97	90	104	103	100	115	92	109	81	90	110	122	92	111	92	109	104	107	95
gene_484	105	105	98	71	97	115	107	106	97	96	105	115	97	120	129	114	105	103	109	86	117	112	97	97	104	111	127	91	100	112	105	100	89	104	97	97	114	93	108	111	89	106	109	87	110	110	113	127	104	102
gene_485	111	110	112	92	106	114	108	95	101	95	94	74	117	98	93	111	125	96	82	99	90	116	103	92	84	96	99	104	94	89	105	105	78	100	129	112	94	101	93	114	91	89	99	99	86	98	116	108	103	115
gene_486	106	105	88	112	100	92	109	109	98	114	124	104	99	112	82	93	111	102	98	81	89	104	112	114	109	103	94	100	107	96	98	106	90	107	97	88	121	112	102	114	95	93	104	104	97	84	110	104	112	115
gene_487_decease	106	102	87	114	117	122	99	96	114	107	110	113	101	112	122	107	119	113	99	93	125	113	110	93	110	110	112	89	133	97	104	117	103	109	114	98	112	118	128	135	91	88	86	99	113	127	125	119	119	120
gene_488	100	90	114	113	102	96	103	91	119	114	108	95	107	109	106	86	109	95	115	96	107	109	102	127	94	107	117	121	112	111	111	103	104	119	85	106	123	114	116	110	91	88	101	100	108	99	89	113	98	108
gene_489	98	92	92	101	100	111	119	114	103	115	110	105	100	97	94	104	92	111	108	91	103	98	95	84	89	92	101	108	100	105	90	96	117	102	100	111	102	93	91	90	91	100	103	116	116	105	109	110	77	117
gene_490	110	100	91	107	114	95	106	101	103	102	94	106	105	105	103	107	106	94	110	97	114	104	96	106	102	95	125	84	100	95	101	99	125	117	102	102	105	97	98	105	115	99	85	109	100	96	114	107	102	86
gene_491	92	100	100	101	122	85	81	103	94	105	104	90	95	104	100	104	107	112	101	98	111	90	105	102	92	114	93	111	96	92	105	107	119	111	95	100	100	117	99	100	110	96	108	98	92	125	104	101	117	98
gene_492	114	114	95	102	112	110	91	99	95	105	103	86	110	103	116	103	123	101	113	117	104	126	110	99	106	101	114	125	110	100	101	103	116	97	99	99	117	102	104	99	122	98	112	112	85	96	106	99	93	109
gene_493	103	106	92	92	89	92	78	123	119	104	109	98	110	103	106	91	96	116	112	90	92	111	104	114	94	103	101	102	91	96	90	107	113	91	105	119	118	80	86	99	100	107	98	103	103	93	82	97	90	101
gene_494	106	102	89	98	103	120	96	105	110	113	103	101	93	90	106	96	78	92	92	90	120	113	117	103	107	93	123	111	86	95	107	112	110	115	115	100	113	104	119	100	108	87	106	101	102	107	94	107	123	105
gene_495	111	104	104	99	100	112	119	98	111	112	87	116	99	108	88	97	107	118	107	106	103	102	98	105	97	115	78	107	87	120	116	91	105	93	101	110	102	105	107	116	98	110	112	108	103	108	104	104	90	97
gene_496	111	87	98	105	90	123	94	94	100	103	94	110	93	112	114	92	106	89	102	102	125	98	98	81	97	116	91	100	84	88	120	101	93	102	119	98	108	109	113	103	103	96	105	102	103	92	93	111	98	87
gene_497	103	97	100	106	97	101	102	91	103	98	106	108	111	116	116	117	114	100	96	98	109	127	118	92	102	82	109	108	108	108	112	107	124	91	95	110	120	99	112	108	85	105	99	103	75	99	101	112	101	103
gene_498	98	109	95	93	107	100	95	99	96	111	95	103	98	90	111	103	96	100	90	82	96	104	113	122	95	102	102	106	111	99	111	113	113	101	100	96	115	104	99	120	114	101	98	121	95	108	109	99	101	99
gene_499_decease	106	87	105	104	113	125	102	114	114	97	91	99	83	122	114	113	105	110	93	117	125	123	118	89	110	119	94	99	109	104	122	123	125	121	119	90	120	87	114	123	110	88	96	101	104	106	130	117	110	96
gene_500_decease	97	84	88	88	109	121	95	118	108	94	102	121	105	120	132	112	98	106	99	118	125	104	117	106	89	114	101	101	110	96	134	110	118	120	98	102	112	112	118	109	104	105	116	107	106	123	119	113	121	125
